Câu hỏi,Câu trả lời
Hiến máu là gì?,"Hiến máu là việc một người khỏe mạnh tự nguyện hiến một lượng máu nhất định (thường là 250-450 ml) cho ngân hàng máu để sử dụng cứu chữa người bệnh. Máu vẫn chưa thể sản xuất nhân tạo hoàn toàn, nên nguồn máu hiến là vô cùng quý giá."
Hiến máu có hại cho sức khỏe không?,Hoàn toàn không. Lượng máu hiến chỉ chiếm 7-10% tổng lượng máu trong cơ thể. Cơ thể sẽ nhanh chóng tái tạo lại lượng máu đã hiến chỉ sau vài ngày. Quá trình hiến máu được thực hiện bởi nhân viên y tế và dụng cụ vô trùng.
Tôi cần bao nhiêu cân để được hiến máu?,"Theo quy định của Bộ Y tế Việt Nam, người hiến máu cần có cân nặng từ 42 kg trở lên (đối với nữ) và 45 kg trở lên (đối với nam)."
Tôi bị cảm cúm nhẹ có được hiến máu không?,Không. Bạn cần hoãn hiến máu cho đến khi khỏi bệnh hoàn toàn và ngừng sử dụng thuốc ít nhất 7-14 ngày để đảm bảo chất lượng máu và sức khỏe của bản thân.
"Sau khi hiến máu, lượng máu đã mất được phục hồi trong bao lâu?","Lượng nước (huyết tương) được phục hồi chỉ trong vòng 24-48 giờ. Các tế bào hồng cầu sẽ mất khoảng 4-6 tuần để hoàn trả. Do đó, bạn có thể hiến máu lại sau 12 tuần (3 tháng) với nam và 16 tuần (4 tháng) với nữ."
Tôi có thể hiến máu tối đa bao nhiêu lần một năm?,"Nam giới có thể hiến tối đa 4 lần/năm, nữ giới tối đa 3 lần/năm, khoảng cách giữa các lần hiến ít nhất là 12 tuần đối với nam và 16 tuần đối với nữ."
Nhóm máu nào đang cần nhất hiện nay?,"Nhóm máu O là nhóm máu phổ biến và hay bị thiếu nhất vì có thể truyền được cho tất cả các nhóm máu khác trong trường hợp cấp cứu chưa rõ nhóm máu. Tuy nhiên, mọi nhóm máu (A, B, AB, O) đều luôn cần thiết."
Hiến máu có làm tôi tăng cân không?,"Không. Hiến máu không trực tiếp gây tăng cân. Tuy nhiên, nhiều người thường ăn bồi bổ nhiều hơn sau khi hiến, dẫn đến tăng cân. Hãy duy trì chế độ ăn uống và sinh hoạt lành mạnh như bình thường."
Vì sao một số người bị choáng sau khi hiến máu?,"Choáng thường do thay đổi huyết áp đột ngột (choáng vagal) hoặc do tâm lý lo lắng, nhìn thấy kim tiêm. Triệu chứng thường nhẹ như hoa mắt, chóng mặt, buồn nôn. Việc nằm nghỉ, uống nước và ăn nhẹ sau hiến sẽ giúp cải thiện nhanh chóng."
Nếu tôi bị chảy máu tại chỗ kim chọc sau khi hiến thì phải làm sao?,"Bạn hãy bình tĩnh, nâng cánh tay lên cao, dùng ngón tay ấn nhẹ vào miếng bông gạc (không chà xát) trong vài phút. Máu sẽ nhanh chóng cầm lại. Nếu vẫn chảy, hãy thông báo cho nhân viên y tế."
Tại sao trước khi hiến máu tôi không được ăn sáng?,"Bạn vẫn nên ăn sáng nhẹ. Lưu ý là KHÔNG nên ăn các thực phẩm nhiều dầu mỡ (xôi, phở, cháo lòng) vì chất béo sau khi hấp thụ sẽ làm cho máu bị nhiễm mỡ, khiến kết quả xét nghiệm các bệnh lây truyền qua đường máu dễ bị sai lệch."
Người bị viêm gan B có hiến máu được không?,Không. Viêm gan B là một bệnh lây truyền qua đường máu. Người có kết quả xét nghiệm dương tính với virus viêm gan B (HBsAg) sẽ không được phép hiến máu để tránh lây nhiễm cho người bệnh khác.
Xăm hình có được hiến máu không?,"Bạn cần hoãn hiến máu. Vì các hình thức xăm, xỏ lỗ, phun xăm thẩm mỹ có nguy cơ lây nhiễm viêm gan B, C, giang mai qua dụng cụ không đảm bảo vô trùng. Thời gian hoãn là 6 tháng đến 1 năm kể từ lần xăm hình cuối cùng."
"Tại sao có các nhóm máu A, B, AB và O?","Trên bề mặt hồng cầu có các kháng nguyên. Nhóm A có kháng nguyên A, nhóm B có kháng nguyên B, nhóm AB có cả A và B, nhóm O không có cả A lẫn B. Hệ thống miễn dịch tạo ra kháng thể chống lại kháng nguyên mà mình không có (ví dụ nhóm A có kháng thể chống B), quyết định ai có thể cho và nhận máu từ ai."
Rh- là gì? Tại sao gọi là nhóm máu hiếm?,"Rh- là viết tắt của Rhesus âm tính, chỉ người không có kháng nguyên D trên bề mặt hồng cầu. Tại Việt Nam, tỷ lệ người có Rh- chỉ dưới 0.1% (cực kỳ hiếm), trong khi phần lớn là Rh+. Do đó, nhóm máu Rh- rất khó tìm nếu cần truyền máu."
Người có nhóm máu AB có thể nhận được máu từ ai?,"Người nhóm máu AB có thể nhận được tất cả các nhóm máu khác (A, B, O, AB) vì cơ thể họ không có kháng thể chống lại kháng nguyên A hay B. Họ được gọi là 'người nhận toàn năng'. Tuy nhiên, họ chỉ cho được người cùng nhóm AB."
Vai trò của Huyết tương trong cơ thể là gì?,"Huyết tương chiếm 55% thể tích máu, chủ yếu là nước (90%) nhưng chứa các protein quan trọng như albumin (duy trì áp lực keo), globulin miễn dịch (kháng thể) và các yếu tố đông máu. Nó là môi trường vận chuyển tế bào máu, chất dinh dưỡng, hormone và chất thải."
Tiểu cầu có chức năng gì trong cơ thể?,"Tiểu cầu là những mảnh vỡ của tế bào chất, có chức năng chính là cầm máu. Khi mạch máu bị tổn thương, tiểu cầu tập kết tại chỗ, giải phóng các hóa chất để tạo nút chặn tạm thời và kích hoạt quá trình đông máu."
Chỉ số Hemoglobin (Hb) thấp có ý nghĩa gì?,"Hemoglobin là protein trong hồng cầu vận chuyển oxy. Chỉ số Hb thấp (dưới 120g/L ở nữ, 130g/L ở nam) là dấu hiệu của tình trạng thiếu máu, có thể do thiếu sắt, thiếu vitamin B12, mất máu, hoặc do các bệnh lý về máu."
Chỉ số bạch cầu tăng cao cảnh báo điều gì?,"Số lượng bạch cầu tăng cao ( > 10 G/L) thường phản ánh cơ thể đang có phản ứng viêm hoặc nhiễm trùng do vi khuẩn. Tuy nhiên, tăng quá cao bất thường cũng có thể là dấu hiệu của các bệnh lý ác tính như bệnh bạch cầu (Leukemia)."
Tủa lạnh (Cryoprecipitate) là gì và dùng để làm gì?,"Tủa lạnh là chế phẩm máu giàu các yếu tố đông máu như Yếu tố VIII (chống bệnh ưa chảy máu Hemophilia A), Yếu tố XIII, Fibrinogen và von Willebrand. Nó được dùng trong cấp cứu bệnh nhân xuất huyết giảm fibrinogen, hoặc bệnh nhân Hemophilia khi không có yếu tố VIII tinh khiết."
Bệnh Thalassemia là bệnh gì?,"Thalassemia (tan máu bẩm sinh) là bệnh rối loạn máu di truyền, trong đó cơ thể sản xuất hemoglobin bất thường, dẫn đến hồng cầu bị phá hủy nhanh chóng (tan máu), gây thiếu máu mạn tính, vàng da, và cần truyền máu định kỳ suốt đời."
Tôi bị huyết áp thấp có hiến máu được không?,"Nếu huyết áp của bạn đo tại thời điểm hiến máu dưới 90/60 mmHg (hoặc dưới tiêu chuẩn của đơn vị tiếp nhận), bạn sẽ được yêu cầu hoãn hiến máu vì nguy cơ tụt huyết áp và choáng. Tuy nhiên, nếu huyết áp ổn định nhờ chế độ sinh hoạt, bạn vẫn có thể hiến."
Tại sao cần phải xét nghiệm máu trước khi truyền?,"Xét nghiệm máu trước khi truyền (xét nghiệm hòa hợp) là bắt buộc để đảm bảo nhóm máu của người cho và người nhận tương thích (Hệ ABO và Rh), đồng thời sàng lọc các kháng thể bất thường ở người nhận. Làm sai bước này có thể gây phản ứng tan máu cấp tính nguy hiểm đến tính mạng."
Sốt rét có lây qua đường truyền máu không?,"Có. Ký sinh trùng sốt rét (Plasmodium) sống trong hồng cầu của người bệnh. Nếu người hiến máu đang trong giai đoạn ủ bệnh hoặc mang ký sinh trùng (dù không có triệu chứng), máu của họ có thể truyền bệnh sốt rét cho người nhận. Do đó, người từng sốt rét phải hoãn hiến ít nhất 3 năm."
Tại sao phải loại bỏ bạch cầu khỏi đơn vị máu truyền?,"Bạch cầu trong máu truyền không có lợi cho người nhận. Chúng có thể gây sốt run lạnh (phản ứng không tan máu), ức chế miễn dịch, hoặc lây truyền virus (như CMV) sống trong bạch cầu. Kỹ thuật lọc bạch cầu giúp truyền máu an toàn hơn, đặc biệt cho bệnh nhân suy giảm miễn dịch."
"Tôi bị nhóm máu hiếm Rh(-), nếu có thai cần lưu ý gì?","Nếu mang thai con có nhóm máu Rh(+) (người chồng Rh+), cơ thể mẹ có thể sinh kháng thể chống lại máu con, gây bất đồng Rh, có thể dẫn đến tan máu ở thai nhi, thiếu máu nặng, thậm chí tử vong. Bạn cần tiêm huyết thanh kháng D (Anti-D) vào tuần 28 của thai kỳ và trong vòng 72 giờ sau sinh để dự phòng."
HIV có thể lây qua truyền máu không?,Có thể. HIV lây truyền qua đường máu. Đây là lý do tại sao tất cả máu hiến đều phải trải qua xét nghiệm sàng lọc HIV (kháng thể và kháng nguyên) bằng các kỹ thuật hiện đại để giảm thiểu tối đa nguy cơ trong 'thời kỳ cửa sổ'.
Phụ nữ đang trong chu kỳ kinh nguyệt có hiến máu được không?,"Theo khuyến cáo chung, phụ nữ không nên hiến máu trong những ngày 'đèn đỏ' (nhất là 2-3 ngày đầu) vì cơ thể đang mất một lượng máu sinh lý, dễ bị thiếu máu, mệt mỏi và ảnh hưởng đến chỉ số Hb. Nên hiến sau khi kết thúc kỳ kinh khoảng 3-5 ngày."
Ăn chay trường có hiến máu được không?,"Có thể hiến máu nếu sức khỏe tốt, cân nặng đạt tiêu chuẩn và đặc biệt cần bổ sung đầy đủ chất sắt (có nhiều trong rau xanh đậm, đậu hũ, ngũ cốc nguyên hạt) để tránh thiếu máu. Nên tham vấn dinh dưỡng trước khi hiến."
"Nếu tôi uống rượu bia tối hôm qua, sáng nay có hiến được không?","Tuyệt đối không. Uống rượu, bia trước khi hiến máu có thể ảnh hưởng đến chức năng gan (tăng men gan) và hệ tim mạch, gây mất nước, hạ huyết áp khi lấy máu dẫn đến choáng. Bạn cần kiêng rượu bia ít nhất 24 giờ trước khi hiến."
Hiến tiểu cầu (Plateletpheresis) khác gì hiến máu thường?,"Hiến tiểu cầu là hình thức 'hiến thành phần'. Bạn sẽ được lấy máu ra, một chiếc máy tách riêng tiểu cầu, sau đó trả lại phần hồng cầu và huyết tương về cơ thể. Quá trình này lâu hơn (60-90 phút), nhưng có thể hiến 1-2 lần/tuần (tối đa 24 lần/năm) vì tiểu cầu được tái tạo rất nhanh (2-3 ngày)."
Tại sao tôi bị bầm tím ở cánh tay sau khi hiến máu?,"Vết bầm xuất hiện do một lượng nhỏ máu rỉ ra từ lỗ kim trên tĩnh mạch vào mô dưới da trước khi quá trình cầm máu hoàn tất. Điều này khá phổ biến và thường vô hại, hết sau 1-2 tuần. Có thể chườm lạnh trong 24 giờ đầu, sau đó chườm ấm."
Máu sau khi hiến được bảo quản như thế nào?,"Máu toàn phần và khối hồng cầu được bảo quản ở nhiệt độ 2-6°C, thời gian tối đa 35-42 ngày tùy dung dịch chống đông. Tiểu cầu được bảo quản ở nhiệt độ phòng (20-24°C) trên máy lắc liên tục để tránh kết tụ, chỉ dùng được trong 5 ngày. Huyết tương được cấp đông dưới -20°C, có thể để được 1-2 năm."
Người cao tuổi có được hiến máu không?,"Tuổi tối đa hiến máu thường là 60 tuổi (lần đầu) hoặc 65 tuổi (nếu đã hiến trước đó). Tuy nhiên, chỉ những người cao tuổi có sức khỏe tốt, không mắc bệnh mạn tính (tim mạch, huyết áp, tiểu đường mất bù) mới được phép hiến."
"Tôi bị viêm da dị ứng, có hiến máu được không?","Phụ thuộc vào mức độ. Nếu bạn đang bùng phát viêm da (sưng đỏ, chảy dịch) hoặc đang dùng thuốc kháng histamin hay corticosteroids toàn thân, bạn nên hoãn. Nếu chỉ có biểu hiện nhẹ, khô da hoặc dùng thuốc bôi, bạn có thể được chấp nhận."
Làm thế nào để chuẩn bị trước khi đi hiến máu?,"Để hiến máu an toàn, bạn nên: 1. Ngủ đủ giấc (6-8 giờ). 2. Ăn sáng nhẹ (như cháo không thịt, bánh mì, xôi, trái cây). 3. Uống nhiều nước (nước lọc, nước trái cây). 4. Tránh ăn đồ nhiều dầu mỡ, trứng, sữa, thịt đỏ trước khi hiến. 5. Mang theo giấy tờ tùy thân."
Vì sao đôi khi tôi bị ngứa hoặc nổi mề đay sau khi hiến máu?,"Đó có thể là dấu hiệu của phản ứng dị ứng nhẹ với dung dịch sát khuẩn (cồn, betadine) hoặc do tâm lý. Phản ứng dị ứng với máu hiến (sốc phản vệ) cực kỳ hiếm gặp. Báo cho nhân viên y tế nếu cảm thấy khó thở hoặc sưng phù."
Tôi có thể tập gym hay chạy bộ ngay sau khi hiến máu không?,"Bạn nên tránh các hoạt động thể lực nặng, tập tạ, chạy bền, bơi lội trong ít nhất 24-48 giờ sau hiến máu. Việc giảm nhẹ hồng cầu có thể khiến bạn nhanh mệt, chóng mặt hoặc ngất. Có thể đi bộ nhẹ nhàng."
Tôi đang dùng thuốc trị mụn (Isotretinoin) có được hiến máu?,"Không. Isotretinoin (thuốc trị mụn nặng, như Accutane) có thể gây dị tật thai nhi. Bạn phải hoãn hiến máu ít nhất 1 tháng sau khi ngừng thuốc để đảm bảo thuốc đã được đào thải hoàn toàn, tránh ảnh hưởng đến phụ nữ mang thai nhận máu."
Phản ứng sốc phản vệ do truyền máu là gì?,"Sốc phản vệ do truyền máu là phản ứng dị ứng toàn thân nặng, hiếm gặp, thường xảy ra ở người bệnh thiếu hụt IgA (globulin miễn dịch A) nhưng nhận phải máu có chứa IgA. Biểu hiện: nổi mày đay, khó thở, tụt huyết áp, có thể tử vong nếu không cấp cứu kịp."
Nếu tôi bị bệnh tuyến giáp (cường giáp) có hiến được không?,"Phụ thuộc vào tình trạng kiểm soát bệnh. Người bị cường giáp đang điều trị chưa ổn định, có nhịp tim nhanh, run tay sẽ không được hiến. Nếu đã điều trị ổn định bằng thuốc (không phải phóng xạ) và sức khỏe bình thường, bạn có thể hiến."
Tại sao cần xét nghiệm sắt (Ferritin) cho người hiến máu lặp lại?,"Hiến máu nhiều lần làm mất sắt dự trữ trong cơ thể (vì hồng cầu được tạo ra cần sắt). Xét nghiệm Ferritin giúp phát hiện tình trạng thiếu sắt tiềm ẩn trước khi biểu hiện thiếu máu, từ đó tư vấn bổ sung sắt hoặc giãn cách lịch hiến máu phù hợp."
Bệnh bạch cầu dòng tủy mạn tính (CML) có chữa khỏi được không?,"CML là bệnh ác tính dòng tủy, nhưng hiện nay đã có các thuốc ức chế tyrosine kinase (như Imatinib) giúp kiểm soát bệnh rất tốt, đưa bệnh nhân về cuộc sống gần như bình thường. Tuy nhiên, bệnh nhân CML không được phép hiến máu. Việc ghép tủy có thể chữa khỏi triệt để."
Trẻ em bao nhiêu tuổi có thể hiến máu?,Tuổi hiến máu tối thiểu là 18 tuổi (tại Việt Nam và nhiều quốc gia) để đảm bảo trẻ đã phát triển thể chất ổn định. Ở mức 17 tuổi có thể hiến nếu có sự đồng ý của phụ huynh tùy quy định từng địa phương.
Tại sao máu tươi toàn phần ít được dùng trong y khoa?,"Y học hiện đại sử dụng 'liệu pháp thành phần', nghĩa là bệnh nhân thiếu gì truyền nấy. Ví dụ bệnh nhân ung thư chỉ cần tiểu cầu, không cần hồng cầu. Dùng máu tươi toàn phần vừa lãng phí vừa tăng nguy cơ quá tải thể tích và phản ứng miễn dịch. Máu chỉ được chỉ định trong cấp cứu xuất huyết cấp ồ ạt."
Người bị hen suyễn có hiến máu được không?,"Người hen suyễn vẫn được hiến máu nếu cơn hen được kiểm soát tốt, không có triệu chứng khò khè tại thời điểm hiến, và không sử dụng các thuốc corticoid toàn thân liều cao. Thuốc xịt corticoid hít thường được chấp nhận."
Những bệnh lây truyền qua đường máu phổ biến nhất là gì?,"Các bệnh nguy hiểm nhất bao gồm: HIV, Viêm gan B (HBV), Viêm gan C (HCV), Giang mai (Treponema pallidum), và Sốt rét (Plasmodium). Đây là 5 bệnh bắt buộc phải xét nghiệm sàng lọc đối với tất cả các đơn vị máu hiến."
Tại sao tôi lại bị khô miệng và khát nước sau khi hiến máu?,"Đó là dấu hiệu cơ thể bị giảm thể tích tuần hoàn. Bạn vừa mất khoảng 350ml chất lỏng (huyết tương). Hãy uống ngay 2-3 cốc nước lọc, nước oresol hoặc nước trái cây, triệu chứng sẽ hết nhanh trong vòng vài giờ."
Tôi bị rối loạn đông máu (Hemophilia) có hiến máu được không?,"Tuyệt đối không. Người mắc bệnh Hemophilia (thiếu yếu tố đông máu) hoặc các rối loạn đông máu di truyền khác bị cấm hiến máu vì lấy máu có thể gây chảy máu kéo dài nguy hiểm cho bản thân họ, và máu của họ thiếu yếu tố đông máu nên không có giá trị cầm máu cho người khác."
Tại sao phải bảo quản máu trong túi có chứa chất chống đông?,"Máu khi ra khỏi mạch máu sẽ gặp dịch tiếp xúc (thành ống, thành túi) và lập tức kích hoạt quá trình đông máu, hình thành cục máu đông chỉ trong vài phút. Chất chống đông (CPD, CPDA-1) trong túi liên kết với ion canxi, ngăn chặn quá trình này, giữ máu ở dạng lỏng."
Tôi có thể lấy máu từ dây rốn của con tôi để dùng cho người khác không?,"Máu dây rốn là nguồn tế bào gốc tạo máu quý giá, chủ yếu dùng để ghép cho chính đứa trẻ hoặc anh chị em ruột mắc các bệnh máu ác tính (bạch cầu, suy tủy). Việc hiến máu dây rốn cho ngân hàng công cộng là hoàn toàn có thể, nhưng lượng máu rất ít, không dùng để truyền hồng cầu thông thường."
Tại sao người hút thuốc lá vẫn hiến máu được?,"Người hút thuốc lá vẫn có thể hiến máu, nhưng nên ngừng hút ít nhất 30 phút đến 1 giờ trước khi hiến vì nicotin làm co mạch, tăng huyết áp và tim đập nhanh, có thể gây khó chịu. Tuy nhiên, hút thuốc lâu dài không làm sai lệch các xét nghiệm bệnh truyền nhiễm."
Uống cà phê trước khi hiến máu có được không?,"Có thể uống 1 tách cà phê đen, nhưng không nên uống quá nhiều hoặc bỏ đường vì caffein có thể làm tăng nhịp tim, gây lo âu, hồi hộp. Tốt nhất vẫn nên uống nước lọc hoặc nước ép trái cây."
Tôi bị mụn rộp (Herpes) ở môi có hiến máu được không?,"Bạn cần hoãn hiến máu cho đến khi vết loét Herpes đã khô và biến mất hoàn toàn. Herpes có thể gây sốt và viremia (virus trong máu) tạm thời, ảnh hưởng chất lượng máu."
Người bị viêm khớp dạng thấp (Rheumatoid Arthritis) dùng thuốc Methotrexate có hiến máu được không?,"Không. Methotrexate là thuốc ức chế miễn dịch có độc tính trên tế bào, gây quái thai. Bạn phải ngừng thuốc ít nhất 1 tháng mới được hiến máu. Nếu bệnh nhẹ chỉ dùng giảm đau chống viêm (NSAIDs), vẫn có thể được chấp nhận."
TRALI là gì?,"TRALI (Transfusion-Related Acute Lung Injury) là tai biến phổi cấp liên quan truyền máu, biểu hiện bằng suy hô hấp, phù phổi không do tim, xảy ra trong vòng 6 giờ sau truyền. Đây là nguyên nhân gây tử vong hàng đầu do truyền máu ở nhiều nước. Nguyên nhân thường do kháng thể trong máu người hiến (đặc biệt từ huyết tương của phụ nữ đã mang thai) tấn công bạch cầu người nhận."
"Phân nhóm máu A1, A2 là gì?","Hệ ABO còn được chia nhỏ: Nhóm A1 (có kháng nguyên A1) và A2 (không có A1). Hầu hết người nhóm A là A1. Một số người nhóm A2 có thể tạo ra kháng thể chống A1. Điều này rất hiếm khi gây phản ứng truyền máu, nhưng cần lưu ý khi hòa hợp chéo."
Tại sao xét nghiệm nhóm máu có thể sai?,"Sai có thể do: 1. Lấy nhầm mẫu bệnh nhân. 2. Hồng cầu bị tự ngưng kết (bệnh lý lạnh). 3. Nhầm lẫn của kỹ thuật viên. 4. Các kháng nguyên yếu (nhóm A2, B3). Vì vậy, luôn phải xác định nhóm máu hai lần và làm phản ứng chéo trước khi truyền."
Uống nhiều nước sau hiến máu có lợi ích gì?,"Uống nhiều nước (khoảng 500-1000ml) sau hiến giúp nhanh chóng phục hồi thể tích máu tuần hoàn, giảm cảm giác chóng mặt, mệt mỏi, và kích thích tủy xương tạo máu trở lại."
Có thể hiến máu khi đang cho con bú (sau sinh) không?,"Khuyến cáo nên hoãn hiến máu cho đến khi trẻ cai sữa được 3-6 tháng hoặc ít nhất 9 tháng sau sinh. Thai kỳ và cho con bú làm suy giảm nguồn dự trữ sắt của người mẹ, dễ gây thiếu máu, đồng thời ảnh hưởng đến lượng sữa."
Tại sao cần đo huyết áp trước khi hiến máu?,Đo huyết áp nhằm đảm bảo bạn không bị tăng huyết áp (dễ tai biến mạch máu não) hoặc huyết áp thấp (dễ choáng ngất trong khi lấy máu). Huyết áp cho phép thường từ 90/60 đến 140/90 mmHg.
Bệnh nhân ung thư có thể hiến máu không?,"Hầu hết bệnh nhân ung thư (kể cả đã chữa khỏi) không được phép hiến máu vì nguy cơ tái phát và các loại thuốc điều trị (hóa trị, xạ trị). Riêng Ung thư da tế bào đáy (có thể chữa khỏi hoàn toàn) hoặc Ung thư cổ tử cung tại chỗ (cắt bỏ), một số nước cho phép hiến sau 5-10 năm."
"Tôi uống thuốc tránh thai hàng ngày, có ảnh hưởng đến việc hiến máu không?",Không. Thuốc tránh thai không phải là chống chỉ định. Nồng độ hormone trong thuốc không ảnh hưởng đến chất lượng hồng cầu hay gây nguy hiểm cho người nhận.
Vì sao không lấy máu từ vùng da bị sẹo hoặc vết xăm lớn?,"Vùng da có sẹo lớn thường khó lấy ven, nhưng lý do chính là để tránh nguy cơ nhiễm trùng. Vết xăm lớn cũng nằm trong nhóm 'hoãn' do nguy cơ viêm gan, nhưng nếu xăm đã lâu (hơn 1 năm) và không có biến chứng, bạn vẫn có thể hiến (tùy quy định từng nơi)."
Tai biến tan máu muộn là gì?,"Tan máu muộn xảy ra vài ngày hoặc vài tuần sau truyền, nhẹ hơn tan máu cấp, do kháng thể được hình thành lại. Người nhận có thể bị vàng da nhẹ, thiếu máu tái phát. Thường gặp ở bệnh nhân đã từng truyền máu hoặc phụ nữ đã mang thai (có kháng thể nhóm máu phụ)."
Tôi bị Polycythemia vera (đa hồng cầu) có hiến máu được không?,"Đa hồng cầu là bệnh lý tăng sinh tủy, sản xuất quá mức hồng cầu. Điều trị bệnh này chính là 'trích máu' (phlebotomy) để làm loãng máu. Tuy nhiên, máu đó không được dùng để truyền cho người khác vì có thể chứa các tế bào bất thường và gây biến chứng cho người nhận, trừ khi có chỉ định đặc biệt."
Tại sao có quy định về giới hạn tuổi hiến máu (tối đa 60)?,"Quy định này nhằm bảo vệ an toàn cho người hiến lớn tuổi. Hệ tim mạch của người cao tuổi kém thích ứng, dễ bị tụt huyết áp, thiếu máu cơ tim khi mất một lượng máu đột ngột. Ngoài ra, họ thường mắc các bệnh mạn tính (tăng huyết áp, tiểu đường) cần điều trị bằng thuốc."
Gel bôi trơn hoặc kem dưỡng da có ảnh hưởng đến kết quả xét nghiệm sàng lọc máu không?,"Không. Chỉ trường hợp dùng gel bôi trơn để chích hút mủ, u nang dưới da, hoặc dùng kem bôi có chứa thuốc kháng sinh mạnh, corticosteroid... có thể ảnh hưởng đến xét nghiệm vi sinh nếu lấy mẫu từ vùng da đó. Nhưng hiến máu lấy từ tĩnh mạch cánh tay, hoàn toàn vô trùng."
Vai trò của yếu tố von Willebrand trong đông máu?,"Yếu tố von Willebrand (vWF) hoạt động như một 'keo' dính, giúp tiểu cầu bám vào thành mạch bị tổn thương, đồng thời là chất vận chuyển cho yếu tố VIII. Thiếu vWF gây bệnh ưa chảy máu von Willebrand, bệnh lý di truyền phổ biến nhất (nhẹ hơn Hemophilia)."
Tôi có bị nhiễm độc chì khi hiến máu không?,"Không. Cơ thể bạn có thể bị nhiễm độc chì (từ môi trường làm việc, khói xe). Tuy nhiên, vì chì gây thiếu máu và ảnh hưởng thần kinh, bạn sẽ bị từ chối hiến máu nếu xét nghiệm nồng độ chì trong máu cao. Hiến máu cũng là cách để thải một phần nhỏ chì ra khỏi cơ thể (liệu pháp thải sắt), nhưng không được khuyến khích."
Tại sao tôi không thể hiến máu nếu vừa chụp X-quang có cản quang?,"Thuốc cản quang (iodine) không độc hại, nhưng lý do hoãn thường là vì bạn vừa tiếp xúc với một thủ thuật chẩn đoán có thể liên quan đến bức xạ (nếu là chụp CT, can thiệp mạch). Hoặc đơn giản hơn, các bệnh viện thường yêu cầu hoãn 24-48 giờ đề phòng phản ứng phụ muộn của thuốc cản quang gây nhầm lẫn với phản ứng truyền máu? Thực tế, không có bằng chứng, nhưng nhiều trung tâm yêu cầu hoãn 1 tuần để an toàn."
"Sau khi hiến máu, vết kim chích bao lâu thì lành?","Vết kim chích thường lành trong vòng 24-48 giờ, bạn có thể tháo băng sau 4-6 giờ. Lỗ kim trên da khép kín sau 24 giờ. Không nên bơi lội hoặc ngâm tay trong nước bẩn trong vòng 24 giờ đầu để tránh nhiễm trùng."
Tại sao cần phải điền bảng câu hỏi sàng lọc trước khi hiến máu?,"Phiếu câu hỏi (hỏi về hành vi nguy cơ, bệnh lý, du lịch) rất quan trọng để phát hiện những người có nguy cơ cao mắc bệnh nhưng chưa đến thời kỳ ủ bệnh, không thể phát hiện bằng xét nghiệm (ví dụ HIV trong 'thời kỳ cửa sổ'). Đó là lớp bảo vệ đầu tiên cho an toàn truyền máu."
Hiến máu có thể gây nghiện không?,"Tuyệt đối không. Hiến máu không có bất kỳ thành phần gây nghiện nào. Đây là một hành động xã hội nhân văn, không tạo ra sự lệ thuộc về thể chất hay tinh thần."
Tôi bị zona thần kinh (giời leo) đang điều trị có hiến được không?,Không. Zona thần kinh do virus Varicella Zoster (thủy đậu) tái hoạt động. Virus có thể có trong máu giai đoạn cấp. Bạn cần hoãn cho đến khi các mụn nước khô vảy hoàn toàn và đã ngừng thuốc kháng virus.
Bệnh u lympho Hodgkin (ung thư hạch) có liên quan đến truyền máu?,"Bệnh nhân u lympho thường thiếu máu do hóa trị và cần truyền hồng cầu hoặc tiểu cầu. Ngược lại, bản thân bệnh nhân Hodgkin không thể hiến máu vì bệnh lý ác tính và điều trị ức chế miễn dịch. Tiền sử Hodgkin là chống chỉ định vĩnh viễn."
"Tôi bị dị ứng với thuốc kháng sinh Penicillin, có hiến được không?","Có thể. Chỉ có dị ứng với thuốc hoặc thức ăn mà bạn đã ăn trong vòng 24 giờ trước hiến mới cần quan tâm (để tránh lẫn lộn triệu chứng). Dị ứng với Penicillin nói riêng hoàn toàn không ngăn cản bạn hiến máu, vì Penicillin không tồn tại trong máu dưới dạng gây phản ứng cho người nhận (trừ khi dùng liều cao đường tĩnh mạch, nhưng lúc đó bạn đang bị bệnh nặng)."
Tại sao phải kiểm tra Cholesterol trước khi hiến máu?,"Thực tế các trung tâm hiến máu thường không kiểm tra Cholesterol định kỳ. Mục đích chính là kiểm tra Hemoglobin (màu sắc máu) và xét nghiệm bệnh truyền nhiễm. Tuy nhiên, nếu máu bị nhiễm mỡ (nhìn thấy lớp mỡ nổi sau khi ly tâm), túi máu đó sẽ bị loại vì không truyền được. Do đó, khuyên không ăn dầu mỡ trước hiến."
Tôi có thể hiến máu trong kỳ World Cup (thức đêm xem bóng đá) được không?,"Không nên. Thức đêm (ngủ ít hơn 4-5 giờ) làm tăng nguy cơ mệt mỏi, tụt huyết áp, suy giảm chức năng tim mạch. Hãy ngủ đủ giấc trước khi hiến máu ít nhất 6 tiếng. Bạn có thể hiến sau khi trận đấu kết thúc 24 giờ và đã ngủ bù."
"Tôi vừa đi du lịch vùng có dịch sốt rét về, khi nào được hiến?","Bạn sẽ bị hoãn hiến máu từ 6 tháng đến 1 năm (tùy vùng dịch) kể từ ngày trở về. Sốt rét có thời gian ủ bệnh kéo dài, ký sinh trùng có thể âm thầm trong gan và phát tác sau. Hoãn hiến là bắt buộc để tránh lây nhiễm sốt rét qua đường máu."
Tại sao người có nhóm máu AB thường được khuyến khích hiến huyết tương?,"Huyết tương của nhóm AB không chứa kháng thể chống A hoặc chống B, do đó có thể truyền cho bất kỳ bệnh nhân nào (bất kể nhóm máu) mà không gây phản ứng tan máu. Người nhóm AB được gọi là 'người cho huyết tương toàn năng'."
Tại sao tôi bị chuột rút sau khi hiến máu?,"Chuột rút có thể do mất cân bằng điện giải (mất nước). Cơ thể mất một lượng dịch, làm giảm nồng độ Kali, Natri, Canxi. Hãy uống nước điện giải (Oresol) hoặc nước dừa. Uống sữa hoặc ăn chuối giúp bổ sung Kali, giảm chuột rút."
Hiến máu có giúp giảm nguy cơ ung thư không?,"Một số nghiên cứu cho thấy hiến máu định kỳ giúp giảm lượng sắt dự trữ trong cơ thể, điều này có thể làm giảm stress oxy hóa và giảm nguy cơ ung thư (đặc biệt ung thư gan, đại tràng) ở nam giới và phụ nữ sau mãn kinh. Tuy nhiên, đây chỉ là mối liên hệ thống kê, không phải là bằng chứng điều trị."
Người bị suy tim có được hiến máu không?,"Không. Suy tim (đặc biệt độ III, IV) là chống chỉ định tuyệt đối vì: 1) Bệnh nhân dễ bị khó thở, phù phổi khi mất thể tích. 2) Họ dùng nhiều thuốc (digoxin, lợi tiểu) ảnh hưởng máu. 3) Việc giảm thể tích có thể làm nặng thêm tình trạng thiếu máu cơ tim."
Tại sao phải xét nghiệm nhóm máu Rh cho phụ nữ mang thai?,"Để dự phòng bất đồng Rh. Nếu mẹ Rh(-) và thai nhi Rh(+) (do bố Rh+), mẹ có thể sinh kháng thể chống lại máu con ở lần mang thai sau, gây tan máu ở thai nhi. Xét nghiệm giúp phát hiện sớm và tiêm huyết thanh kháng D kịp thời."
"Tôi vừa uống thuốc kháng sinh trị viêm họng xong, khi nào hiến máu được?","Bạn phải hoãn hiến máu cho đến khi khỏi bệnh hoàn toàn và ngừng uống kháng sinh ít nhất 7-14 ngày. Thuốc kháng sinh có trong máu không ảnh hưởng nhiều đến người nhận, nhưng bệnh nhiễm trùng (viêm họng) là chống chỉ định vì nó có thể lây nhiễm vi khuẩn vào máu và gây nhiễm trùng huyết cho bệnh nhân suy giảm miễn dịch."
Việc xét nghiệm HIV cho người hiến máu có chính xác tuyệt đối không?,"Không. Có 'thời kỳ cửa sổ' (window period), khoảng 2-6 tuần sau khi nhiễm HIV mà cơ thể chưa sản xuất đủ kháng thể và kháng nguyên để các xét nghiệm thông thường phát hiện. Vì vậy, việc hỏi tiền sử hành vi nguy cơ là cực kỳ quan trọng để loại trừ nhóm nguy cơ cao trong giai đoạn này."
Tại sao người bị bệnh Gout vẫn có thể hiến máu?,"Bệnh Gout do tăng acid uric. Acid uric không ảnh hưởng đến chất lượng hồng cầu hay khả năng truyền máu cho người khác. Người bệnh Gout hoàn toàn có thể hiến máu nếu không đang dùng thuốc độc tế bào (Colchicine liều cao, Methotrexate) hoặc không có bệnh thận nặng kèm theo (suy thận)."
"Tôi bị bệnh Basedow (cường giáp tự miễ) đang kiểm soát tốt, có hiến được không?","Có thể, nếu chức năng tuyến giáp đã bình thường nhờ thuốc (Methimazole, Propylthiouracil) hoặc đã phẫu thuật, xạ trị I-131? Rất tiếc, hầu hết các trung tâm sẽ từ chối nếu đã xạ trị I-131 (phóng xạ tồn lưu trong cơ thể?), và thận trọng nếu đang dùng thuốc kháng giáp trạng (có thể gây mất bạch cầu hạt). Tốt nhất nên hỏi ý kiến bác sĩ điều trị."
Tai biến 'sốc tim' do truyền máu quá nhanh là gì?,"Quá tải thể tích tuần hoàn (TACO - Transfusion Associated Circulatory Overload). Xảy ra khi truyền máu quá nhanh hoặc quá nhiều cho bệnh nhân suy tim hoặc suy thận. Biểu hiện: khó thở cấp, tăng huyết áp, phù phổi, tim to. Cần lợi tiểu, thở máy. Đây là tai biến thường gặp ở người cao tuổi."
Tôi có thể hiến máu nếu tôi bị viêm gan A?,"Viêm gan A lây qua đường phân - miệng, không phải đường máu. Tuy nhiên, trong giai đoạn cấp của bệnh (vàng da, mệt mỏi), virus có thể có trong máu (viremia). Bạn cần hoãn hiến cho đến khi khỏi bệnh hoàn toàn (thường 6 tháng)."
Tại sao tôi cảm thấy buồn nôn khi ăn đồ ngọt sau hiến máu?,"Sau hiến máu, cơ thể bị tụt huyết áp nhẹ và hạ đường huyết do mất thể tích. Ăn đồ ngọt (kẹo, bánh) làm tăng đột ngột đường huyết, kích thích dạ dày và tuyến tụy, có thể gây buồn nôn ở người nhạy cảm. Hãy uống nước và ăn bánh mì, cháo loãng trước, sau đó mới ăn ngọt."
Người bị bệnh gan nhiễm mỡ có hiến được không?,"Bệnh gan nhiễm mỡ (không do rượu) không phải là chống chỉ định nếu men gan (ALT, AST) bình thường và không có viêm gan virus B, C. Nếu chỉ gan nhiễm mỡ độ 1,2 không ảnh hưởng chức năng, bạn vẫn có thể hiến máu."
Tại sao cần ấn chặt bông vào vết kim trong 5-10 phút?,"Để cầm máu hoàn toàn. Tĩnh mạch ở cánh tay có áp lực máu thấp nhưng vẫn cần thời gian để hình thành nút tiểu cầu và lưới fibrin. Nếu chỉ giữ 1-2 phút, khi duỗi tay hoặc co cơ, máu có thể rỉ ra gây bầm tím."
Tôi bị bệnh tự miễn (Lupus ban đỏ) có hiến máu được không?,"Bệnh nhân Lupus thường được khuyến cáo không nên hiến máu vì: 1) Bệnh lý tự miễn có thể có kháng thể bất thường trong máu (chống hồng cầu, bạch cầu, gây khó khăn cho hòa hợp và nguy cơ cho người nhận). 2) Sử dụng thuốc ức chế miễn dịch dài hạn (Corticoid, CellCept)."
Hiến toàn bộ máu hay hiến thành phần (tiểu cầu) thì tốt hơn?,"Cả hai đều tốt và cần thiết. Hiến toàn bộ máu nhanh (15 phút), giúp cung cấp hồng cầu cho cấp cứu thiếu máu. Hiến tiểu cầu (60-90 phút) mang lại một liều tiểu cầu đậm đặc gấp 5-6 lần so với một đơn vị máu toàn phần, rất cần cho bệnh nhân ung thư, bệnh bạch cầu. Hiến thành phần giúp tận dụng nguồn hiến, vì bệnh nhân ung thư không cần hồng cầu."
"Tôi bị ung thư da (u hắc tố - Melanoma) đã cắt bỏ, có hiến máu được không?","Hầu hết các trung tâm y tế từ chối vĩnh viễn người có tiền sử Melanoma vì nguy cơ di căn qua đường máu rất cao, tế bào ung thư có thể tiềm tàng trong máu và gây bệnh cho người nhận suy giảm miễn dịch. Chỉ chấp nhận ung thư da tế bào đáy (BCC) hoặc tế bào gai (SCC) sau khi đã cắt bỏ và không tái phát trong 5 năm."
Tại sao vận động viên thể thao không được hiến máu trong thời gian thi đấu?,"Không phải 'không được', nhưng nhiều vận động viên lạm dụng 'doping máu' (truyền lại hồng cầu của chính họ để tăng sức bền). Việc hiến máu làm giảm hồng cầu, ảnh hưởng đến thành tích thi đấu. Tuy nhiên, nếu là vận động viên nghiệp dư, hoàn toàn có thể hiến, nhưng nên hiến sau khi thi đấu."
Tại sao tôi bị đau đầu sau khi hiến máu?,"Đau đầu thường do mất thể tích và giảm oxy lên não tạm thời (thiểu năng tuần hoàn não nhẹ). Uống nước, nằm nghỉ, hít thở sâu sẽ giảm. Nếu đau đầu dữ dội, kèm nôn, co giật, hãy đến bệnh viện vì có thể là dấu hiệu của tụt huyết áp nặng hiếm gặp hoặc rối loạn đông máu do thiếu tiểu cầu?"
"Tôi bị lao phổi đã điều trị khỏi, khi nào hiến máu được?","Bệnh lao là nhiễm trùng mạn tính. Nếu đã điều trị khỏi hoàn toàn (theo phác đồ 6-9 tháng) và được bác sĩ chuyên khoa xác nhận lành bệnh, bạn cần hoãn hiến thêm 2-3 năm để đảm bảo không tái phát. Lao không lây qua đường máu nhưng ảnh hưởng đến sức khỏe toàn thân."
Vì sao phải ghi ngày cuối cùng có kinh nguyệt trên phiếu hiến máu?,"Để kiểm tra khả năng có thai. Phụ nữ đang mang thai không được hiến máu vì ảnh hưởng đến mẹ và con. Ngoài ra, trong kỳ kinh, cơ thể mất sắt, dễ thiếu máu. Việc hỏi kinh nguyệt cũng để loại trừ nguy cơ chửa ngoài tử cung hoặc sảy thai chưa biết."
Tại sao phòng hiến máu thường cho bánh quy và nước ngọt?,"Để nhanh chóng phục hồi đường huyết và thể tích. Đường trong nước ngọt giúp ổn định huyết áp, chống choáng. Muối trong bánh quy giúp giữ nước trong lòng mạch. Đây là khẩu phần ăn nhẹ tiêu chuẩn sau hiến."
"Tôi bị sỏi thận, có hiến máu được không?","Sỏi thận không ảnh hưởng đến chất lượng máu. Bạn hoàn toàn có thể hiến máu nếu không đang bị đau quặn thận (cơn đau cấp) và không có suy thận mạn, không dùng thuốc giảm đau mạnh, kháng sinh điều trị nhiễm trùng đường tiểu."
Lợi ích của việc hiến máu đối với sức khỏe người hiến?,"Ngoài việc cứu người, hiến máu định kỳ còn giúp: 1) Kiểm tra sức khỏe và xét nghiệm miễn phí (phát hiện sớm bệnh). 2) Kích thích tủy xương sản xuất hồng cầu non, trẻ hóa hệ tạo máu. 3) Giảm sắt dự trữ, giảm nguy cơ bệnh tim mạch, gan nhiễm sắt. 4) Cân bằng huyết áp."
Tại sao tôi bị ngất khi nhìn thấy máu mình chảy?,"Đó là phản ứng phó giao cảm quá mức (vasovagal reflex). Nhìn thấy máu hoặc kim tiêm kích thích dây thần kinh phế vị, làm giãn mạch đột ngột, nhịp tim chậm lại, gây tụt huyết áp và mất ý thức (ngất). Không nguy hiểm nếu được nằm xuống kịp thời, nhưng thường làm bạn bị loại khỏi danh sách hiến máu lần sau nếu tái diễn."
Người bị vô cảm với đau (không cảm thấy đau) có hiến được không?,"Bệnh vô cảm với đau (CIPA) là rối loạn thần kinh di truyền hiếm gặp. Những người này có thể hiến máu? Họ không cảm thấy đau, nhưng phản ứng sinh lý của cơ thể với mất máu (tụt huyết áp) vẫn xảy ra. Họ có thể không biết mình bị tụt huyết áp nặng dẫn đến tai biến. Do đó, cần được giám sát chặt chẽ, nhưng không phải là chống chỉ định."
Tại sao không thể sử dụng máu của người hút thuốc để truyền?,"Vẫn sử dụng được. Không có bằng chứng cho thấy nicotine hay CO trong máu người hút thuốc gây hại trực tiếp trong truyền máu cứu người. Tuy nhiên, người hút thuốc có nguy cơ cao mắc bệnh tim mạch và ung thư phổi, nhưng điều đó ảnh hưởng đến sức khỏe của chính họ, không phải người nhận máu. Chỉ cần xét nghiệm bệnh truyền nhiễm âm tính, máu người hút thuốc vẫn dùng tốt."
"Tôi bị suy dinh dưỡng, thiếu cân (40kg), có cách nào hiến máu được không?","Rất tiếc, bạn không đủ cân nặng tối thiểu (thường 42kg). Hiến máu khi thiếu cân sẽ gây nguy cơ tụt huyết áp, thiếu máu nghiêm trọng. Hãy cải thiện sức khỏe, tăng cân để có thể cứu người mà không hại thân."
Tại sao vết tiêm uốn ván (Tetanus) lại ảnh hưởng đến việc hiến máu?,"Tiêm vắc xin uốn ván (giải độc tố) không ảnh hưởng. Chỉ có Globulin miễn dịch uốn ván (TIG) - là kháng thể, hoặc tiêm trong điều trị vết thương bẩn. Việc hoãn hiến (2-4 tuần) chỉ để loại trừ khả năng bạn đang có nhiễm trùng vết thương, chứ không phải do thuốc gây hại."
Phản ứng sốc nhiễm khuẩn do truyền máu là gì?,"Hiếm gặp nhưng rất nguy hiểm. Xảy ra khi túi máu bị nhiễm vi khuẩn (thường do vi khuẩn da của người hiến khi lấy máu không vô trùng). Vi khuẩn phát triển trong túi máu (đặc biệt tiểu cầu bảo quản ở 22°C). Khi truyền, bệnh nhân sốt cao, tụt huyết áp, suy đa phủ tạng."
"Tôi bị viêm nha chu (chảy máu chân răng), có hiến được không?","Viêm nha chu nhẹ không phải chống chỉ định. Nhưng nếu đang chảy máu chân răng cấp tính, bạn nên điều trị nha khoa trước. Bệnh nha chu không lây qua máu, nhưng vi khuẩn trong miệng có thể xâm nhập máu khi đánh răng mạnh, gây nhiễm khuẩn huyết thoáng qua lúc đó sẽ ảnh hưởng đến xét nghiệm sàng lọc."
"Ở Hoa Kỳ, tại sao cấm người đồng tính nam hiến máu? (Câu hỏi về chính sách)",Lệnh cấm trước đây dựa trên nguy cơ lây HIV cao trong cộng đồng MSM (nam quan hệ tình dục với nam) trong thời kỳ dịch AIDS bùng phát. Nhiều nước đã thay thế bằng chính sách 'hoãn 3 tháng hoặc 1 năm' tùy theo hành vi nguy cơ cá nhân (không phân biệt xu hướng tính dục) để cân bằng giữa an toàn truyền máu và quyền lợi của người hiến.
Hiến máu có giúp giảm cân nhanh chóng không?,"Một hiến máu 350ml giúp bạn đốt cháy khoảng 650 calo (vì cơ thể phải tổng hợp protein và hồng cầu mới). Tuy nhiên, không nên lạm dụng hiến máu để giảm cân vì quy định thời gian giữa các lần hiến. Giảm cân bền vững vẫn cần chế độ ăn và tập thể dục."
Tại sao tôi bị sốt nhẹ sau khi hiến máu?,"Sốt nhẹ (dưới 38°C) có thể là phản ứng của cơ thể với việc mất máu hoặc do tâm lý. Nếu sốt kéo dài hơn 24 giờ hoặc kèm ớn lạnh, rét run, có thể bạn bị nhiễm trùng hô hấp trùng hợp hoặc phản ứng với tế bào lạ. Hiếm khi là nhiễm trùng do kim tiêm (nếu vô trùng)."
"Người bị rối loạn nhịp tim (tim đập nhanh, chậm) có hiến được không?","Tùy loại. Nhịp tim phải nằm trong khoảng 60-100 lần/phút và đều. Nếu bạn bị rung nhĩ (tim đập không đều) hoặc nhịp nhanh trên thất, bạn bị từ chối hiến máu vì nguy cơ tai biến mạch máu não khi giảm thể tích. Nếu có máy tạo nhịp tim hoạt động ổn định, vẫn có thể được xem xét."
Tại sao không được 'bơm' máu ngược lại (truyền từ người nhận sang người cho)?,"Đó là khái niệm sai. Truyền máu chỉ một chiều từ người cho sang người nhận. Lấy máu từ người bệnh (bệnh nhân thiếu máu) sẽ làm họ chết. Trong một số thủ thuật như 'lọc máu', máu bệnh nhân được lọc và trả lại, chứ không truyền cho người khác."
Tôi bị bệnh đa xơ cứng (MS) có hiến máu được không?,"Bệnh đa xơ cứng là bệnh tự miễn thần kinh. Bệnh nhân MS có thể hiến máu nếu tình trạng bệnh ổn định, không sử dụng các thuốc điều trị đặc hiệu (corticoid, interferon, natalizumab) có thể gây hại cho thai nhi hoặc ức chế miễn dịch. Tuy nhiên, nhiều trung tâm từ chối vì tính chất bệnh tự miễn."
"Tại sao vết bầm sau hiến máu chuyển màu xanh, vàng, tím?","Đó là quá trình phân hủy Hemoglobin tự nhiên. Hemoglobin trong máu bị rỉ ra mô sẽ bị enzym phân hủy: màu xanh (biliverdin), vàng (bilirubin), nâu (hemosiderin). Giống như vết bầm tím bình thường, không nguy hiểm."
Uống rượu sau khi hiến máu nguy hiểm thế nào?,"Rượu có tác dụng giãn mạch, làm tụt huyết áp. Khi kết hợp với việc hiến máu (vốn đã giảm thể tích), bạn dễ bị ngất xỉu, mất thăng bằng, té ngã, tổn thương gan nặng hơn. Tuyệt đối không uống rượu ít nhất 24h sau hiến."
"Tôi đã cắt lách (splenectomy), có hiến máu được không?","Lách là cơ quan lọc máu và tạo miễn dịch. Sau cắt lách, người bệnh dễ bị nhiễm khuẩn. Tuy nhiên, nếu đã phẫu thuật lâu (trên 6 tháng), sức khỏe bình thường, không có bệnh lý huyết học nguyên nhân (ví dụ cắt lách vì vỡ do chấn thương), bạn hoàn toàn có thể hiến máu."
Tai biến tan máu do truyền nhầm nhóm máu xảy ra nhanh thế nào?,"Rất nhanh, chỉ sau vài ml máu đầu tiên. Người nhận cảm thấy nóng dọc tĩnh mạch, đau thắt lưng dữ dội, sốt, vàng da, nước tiểu màu coca (hemoglobin niệu). Nếu không dừng ngay và cấp cứu, có thể dẫn đến suy thận cấp và tử vong trong vòng 24 giờ."
Tại sao người đang mang thai (bầu) không được hiến máu?,"Vì: 1) Thai phụ cần sắt cho thai nhi, hiến máu dễ gây thiếu máu mẹ, ảnh hưởng thai. 2) Giảm thể tích máu có thể gây suy thai, sinh non. 3) Các biến chứng thai kỳ (tiền sản giật). 4) Sự thay đổi nội tiết làm thay đổi thành phần máu."
Tôi có thể tự lấy máu ở nhà dự trữ để dùng khi cấp cứu không?,"Tuyệt đối không. Máu lấy ở nhà không đảm bảo vô trùng, sẽ đông cứng hoặc nhiễm khuẩn ngay lập tức. Thiếu chất chống đông và bảo quản lạnh chuyên nghiệp. Hơn nữa, thủ thuật lấy máu tại nhà rất nguy hiểm. Hãy dùng ngân hàng máu."
Điều gì xảy ra nếu tôi hiến máu khi vừa khỏi bệnh sốt xuất huyết?,Sốt xuất huyết gây giảm tiểu cầu và rối loạn đông máu. Bạn sẽ bị từ chối hiến ngay sau khi khỏi bệnh. Cần chờ ít nhất 6 tháng sau khi khỏi bệnh sốt xuất huyết để cơ thể phục hồi hoàn toàn số lượng tiểu cầu và tránh lưu hành virus (dengue viremia).
Tại sao trước hiến máu phải khám tổng quát?,"Để đảm bảo bạn đủ sức khỏe chịu đựng việc lấy máu (không bị suy tim, suy hô hấp, thiếu máu nặng), đồng thời phát hiện các bệnh lý cấp tính như viêm họng, viêm phế quản có thể gây nhiễm trùng máu thoáng qua."
Tôi bị viêm gan C đã điều trị khỏi bằng thuốc kháng virus (DAA) liệu có hiến được không?,"Nếu bạn đã điều trị khỏi hoàn toàn viêm gan C (xét nghiệm HCV RNA âm tính sau 12-24 tuần điều trị), nhiều trung tâm trên thế giới cho phép hiến máu. Tuy nhiên, tại Việt Nam, chính sách khá chặt chẽ, thường là ưu tiên an toàn, có thể từ chối vĩnh viễn hoặc yêu cầu xét nghiệm đặc biệt."
Tại sao sau hiến máu không nên làm việc nặng?,"Vì làm việc nặng (khuân vác, tập tạ) làm tăng áp lực trong tĩnh mạch, dễ gây chảy máu lại tại vết chọc kim hoặc bầm tím. Ngoài ra, việc giảm hồng cầu làm giảm khả năng cung cấp Oxy cho cơ bắp, dẫn đến mệt mỏi, khó thở."
Phụ nữ sau mãn kinh hiến máu có lợi ích gì đặc biệt?,"Phụ nữ sau mãn kinh không còn mất máu kinh nguyệt nên dễ bị ứ đọng sắt. Hiến máu giúp giảm lượng sắt dự trữ, giảm stress oxy hóa, có liên quan đến việc giảm nguy cơ nhồi máu cơ tim và đột quỵ, đồng thời giảm nguy cơ loãng xương (một số nghiên cứu)."
Truyền máu có thể gây lây nhiễm vi khuẩn HP (Helicobacter pylori) không?,"HP là vi khuẩn sống trong dạ dày, không lây qua đường máu, mà lây qua đường phân - miệng hoặc nước bọt. Vì vậy, truyền máu không làm lây nhiễm HP."
Tôi bị dị ứng thời tiết (nổi mề đay mạn tính) có hiến được không?,"Được phép hiến nếu bệnh ổn định, không đang dùng thuốc kháng histamin thế hệ 1 (như Clorpheniramin) liều cao gây buồn ngủ, hoặc corticoid. Tuy nhiên, nếu bạn đang bị nổi mề đay toàn thân (sẩn ngứa), nên hoãn để tránh nhầm lẫn với phản ứng truyền máu sau này (nếu có)."
"Vì sao sau khi hiến máu, tôi thấy vị kim loại trong miệng?",Đó là do tâm lý hoặc do sắt trong máu? Có thể cảm giác này đến từ việc giải phóng khí CO2 (do thở nhanh khi hồi hộp). Một số người có phản ứng rối loạn vị giác tạm thời do thay đổi lưu lượng máu hoặc mất cân bằng điện giải. Thường hết nhanh.
"Tôi bị trầm cảm, đang dùng thuốc chống trầm cảm (SSRI) có hiến được không?","Có thể. Thuốc chống trầm cảm (Fluoxetine, Sertraline) không ảnh hưởng đến chất lượng máu hay gây hại cho người nhận. Tuy nhiên, bạn cần được xác nhận là không có ý định tự tử và sức khỏe ổn định. Nếu trầm cảm nặng kèm rối loạn ăn uống gây thiếu cân, thiếu máu, bạn sẽ bị từ chối."
Tại sao cấm hiến máu đối với người bị bệnh Creutzfeldt-Jakob (bệnh bò điên)?,"Bệnh Creutzfeldt-Jakob (CJD) là bệnh thoái hóa thần kinh do Prion gây ra (protein bệnh), không phải virus hay vi khuẩn. Prion cực kỳ bền vững, không bị tiêu diệt bằng các phương pháp khử trùng thông thường, và có thể lây truyền qua đường máu. Vì vậy, người có nguy cơ cao hoặc tiền sử gia đình mắc bệnh bị cấm hiến máu vĩnh viễn."
Người bị cao huyết áp mà uống thuốc điều trị ổn định có hiến được không?,"Nếu huyết áp được kiểm soát tốt (dưới 140/90) và không có biến chứng về tim, thận, mắt, bạn vẫn có thể hiến máu. Thuốc hạ áp (thuốc ức chế men chuyển, chẹn beta) không ảnh hưởng đến máu. Tuyệt đối không hiến nếu đang có cơn tăng áp (đo > 160/100)."
Tại sao đàn ông hiến máu thường xuyên có thể kéo dài tuổi thọ?,"Nghiên cứu chỉ ra hiến máu làm giảm lượng sắt dự trữ. Sắt dư thừa là chất xúc tác gây stress oxy hóa, làm hỏng tế bào, liên quan đến lão hóa và bệnh tim mạch. Giảm sắt giúp mạch máu đàn hồi tốt hơn, giảm nguy cơ đột quỵ, từ đó kéo dài tuổi thọ."
Tôi bị bệnh phổi tắc nghẽn mạn tính (COPD) có hiến được không?,"Bệnh nhân COPD thường khó thở, giảm oxy máu. Hiến máu làm giảm hồng cầu (giảm khả năng vận chuyển oxy), có thể gây suy hô hấp nặng hơn. Thông thường, không khuyến khích hiến máu, trừ khi bệnh rất nhẹ và được bác sĩ chuyên khoa đồng ý."
Điểm khác nhau giữa huyết tương và huyết thanh là gì?,"Huyết tương là phần dịch lỏng của máu có chứa chất chống đông (fibrinogen). Huyết thanh là phần dịch sau khi máu đã đông hoàn toàn (đã loại bỏ fibrinogen và các yếu tố đông máu). Trong xét nghiệm sinh hóa, dùng huyết thanh phổ biến hơn vì không can thiệp bởi chất chống đông."
Tại sao tôi không thể hiến máu nếu tôi bị động kinh?,"Người bệnh động kinh có thể hiến máu nếu cơn co giật được kiểm soát hoàn toàn bằng thuốc và không có khuyết tật thần kinh kèm theo. Tuy nhiên, nếu cơn động kinh xảy ra trong hoặc ngay sau khi hiến máu (do thiếu oxy não, mệt mỏi, stress) rất nguy hiểm. Hầu hết các trung tâm từ chối vì lý do an toàn cho người hiến."
Chọc dò tủy đồ (hút tủy) khác gì hiến máu?,"Hiến máu lấy máu tĩnh mạch ngoại vi. Chọc hút tủy là thủ thuật dùng kim chuyên dụng đâm xuyên qua xương ức hoặc xương chậu để hút một lượng nhỏ dịch tủy xương (mô máu non) dùng để chẩn đoán bệnh huyết học (bạch cầu, ung thư). Bệnh nhân không thể 'hiến tủy' cho người khác qua đường chọc hút, mà cần gây mê để lấy lượng lớn từ xương chậu (ghép tủy)."
Người bị viêm mũi dị ứng (rhinitis) do phấn hoa có hiến được không?,"Vẫn hiến được bình thường. Viêm mũi dị ứng không phải bệnh nhiễm trùng, không có virus, vi khuẩn trong máu. Bạn có thể hiến ngay cả khi đang hắt hơi, sổ mũi, miễn là không sốt và không dùng thuốc kháng sinh."
Tai biến tràn khí màng phổi khi lấy máu tĩnh mạch có xảy ra không?,"Hiếm gặp nhưng có thể xảy ra (pneumothorax) khi kim chọc vào tĩnh mạch dưới đòn nhưng đi quá sâu và đâm vào đỉnh phổi. Triệu chứng là đau ngực, khó thở sau khi rút kim. Đây là lý do nhân viên y tế cần được đào tạo bài bản để xác định vị trí giải phẫu an toàn (thường lấy máu tĩnh mạch nông ở cánh tay, vùng khuỷu, rất an toàn)."
"Vì sao túi máu có màu đỏ sẫm, không phải đỏ tươi?","Máu tĩnh mạch (lấy từ cánh tay) là máu đã cung cấp oxy cho cơ thể, nên chứa nhiều CO2 và có màu đỏ sẫm. Máu động mạch (lấy từ động mạch quay) mới có màu đỏ tươi. Túi máu hiến luôn lấy từ tĩnh mạch."
"Tôi bị bệnh tim bẩm sinh (thông liên thất nhỏ) đã phẫu thuật đóng, có hiến được không?","Phụ thuộc vào kết quả phẫu thuật. Nếu tim đã lành hoàn toàn, không còn dòng chảy shunt, chức năng tim bình thường, bạn vẫn có thể hiến máu. Nếu chưa mổ hoặc còn suy tim, tăng áp phổi, không được hiến. Cần có xác nhận của bác sĩ tim mạch."
Tại sao bệnh nhân ung thư máu (Leukemia) cần truyền tiểu cầu nhiều hơn hồng cầu?,"Hóa trị liệu phá hủy tủy xương, nó không chỉ giết chết tế bào ung thư mà còn tiêu diệt cả tế bào bình thường sinh tiểu cầu (megakaryocytes). Tiểu cầu có đời sống rất ngắn (7-10 ngày) và nguy cơ chảy máu não do giảm tiểu cầu là tử vong, nên bệnh nhân cần truyền tiểu cầu sớm và thường xuyên khi chỉ số dưới 10-20 G/L."
Làm sao để phân biệt máu nhiễm mỡ (lipid) và máu bình thường?,"Máu nhiễm mỡ sau ly tâm có lớp huyết tương màu trắng đục như sữa, do chứa nhiều triglyceride. Máu bình thường có huyết tương màu vàng chanh trong suốt. Máu nhiễm mỡ không được dùng để truyền vì làm tắc vi mạch, sai lệch xét nghiệm."
Tôi có thể hiến máu khi đang cho con bú (sau sinh 6 tháng) không?,Nên hoãn. Cho con bú làm mất sắt và dưỡng chất qua sữa. Hiến máu có thể làm giảm chất lượng sữa và khiến mẹ kiệt sức. Các hiệp hội khuyến cáo nên đợi đến khi cai sữa hoặc ít nhất 9-12 tháng sau sinh.
Tại sao người bị bệnh vẩy nến (Psoriasis) dùng thuốc bôi vẫn hiến được?,"Bệnh vẩy nến là bệnh tự miễn nhưng không lây. Thuốc bôi tại chỗ (corticoid, vitamin D) không ảnh hưởng hệ thống. Bạn vẫn hiến được bình thường, miễn là không dùng Retinoid toàn thân (Acitretin) - thuốc này gây quái thai, cần hoãn 3 năm sau khi ngừng."
Lấy máu ở trẻ em để cứu người khác có được không?,Chỉ được phép lấy máu trẻ em (vị thành niên) để điều trị cho chính đứa trẻ đó (truyền tự thân trong phẫu thuật) hoặc cho anh chị em ruột (ghép tế bào gốc). Trẻ em dưới 18 tuổi không được phép hiến máu tình nguyện vì chưa đủ thể tích và tâm sinh lý.
Tại sao trước khi truyền máu phải làm phản ứng chéo (cross-match)?,"Phản ứng chéo (cho hồng cầu người cho vào huyết thanh người nhận dưới kính hiển vi) nhằm phát hiện các kháng thể bất thường mà quá trình định nhóm máu thường (ABO, Rh) không phát hiện được. Đây là bước kiểm tra cuối cùng để đảm bảo tuyệt đối không có phản ứng tan máu."
"Tôi bị viêm loét đại tràng (Crohn), có hiến được không?","Bệnh Crohn thường gây thiếu máu mạn tính do mất máu và kém hấp thu. Nếu bệnh thuyên giảm, không còn tiêu chảy ra máu, không dùng thuốc ức chế miễn dịch mạnh (Methotrexate, 6-MP), bạn vẫn có thể hiến. Tuy nhiên, thường có chỉ số Hb thấp dẫn đến bị loại."
Vai trò của chất chống đông Citrate trong túi máu là gì?,"Citrate kết hợp với ion canxi tự do trong máu, loại bỏ canxi khỏi phản ứng đông máu (canxi là yếu tố thiết yếu cho quá trình đông máu). Nhờ đó máu vẫn ở dạng lỏng trong túi bảo quản."
"Tại sao khi truyền tiểu cầu, bệnh nhân thường được dùng thuốc kháng histamin (diphenhydramine) trước?","Để dự phòng phản ứng dị ứng. Tiểu cầu được bảo quản ở nhiệt độ phòng, trong môi trường có huyết tương, dễ tạo thành các phức hợp miễn dịch gây nổi mề đay, ngứa. Thuốc kháng histamin làm giảm nhẹ các triệu chứng này. Giảm đau, hạ sốt (Acetaminophen) cũng được dùng để chống sốt run lạnh."
"Tôi bị bệnh lao hạch (đã điều trị khỏi 1 năm), có hiến máu được không?","Lao hạch là lao ngoài phổi, chữa khỏi bằng phác đồ 6-12 tháng. Thời gian hoãn hiến máu sau khi khỏi bệnh thường là 2 năm kể từ khi kết thúc điều trị. Nếu thời gian đó đủ, sức khỏe tốt, bạn có thể hiến (không lây lao qua đường máu)."
Tại sao người nghiện ma túy (tiêm chích) bị cấm hiến máu vĩnh viễn?,"Vì nguy cơ cao nhiễm HIV, viêm gan B, C qua đường dùng chung bơm kim tiêm. Mặc dù họ có thể âm tính vào thời điểm xét nghiệm, thời kỳ cửa sổ có thể kéo dài. Hành vi này được coi là nguy cơ cao nhất, vì vậy để an toàn tuyệt đối cho người nhận, họ bị loại vĩnh viễn."
Tại sao tôi cảm thấy rất vui và phấn chấn sau khi hiến máu?,"Đó là 'high' của người hiến máu do giải phóng endorphin (hormone hạnh phúc) và cảm giác tự hào, hài lòng vì đã làm việc tốt. Mất máu nhẹ cũng kích thích tuyến thượng thận tiết adrenalin nhẹ, tạo cảm giác tỉnh táo."
Tôi bị bệnh Wilson (rối loạn chuyển hóa đồng) có hiến được không?,"Bệnh Wilson gây ứ đọng đồng trong gan và não, điều trị bằng thuốc thải đồng (D-penicillamine). Bệnh nhân thường bị thiếu máu, giảm bạch cầu do tác dụng phụ của thuốc. Họ không đủ tiêu chuẩn sức khỏe để hiến máu và bị từ chối."
"Vì sao không dùng máu của người nhóm O để truyền cho nhóm A, B, AB tùy tiện?","Nguyên tắc: 'Hồng cầu O có thể cho tất cả, nhưng trong huyết tương của người O có kháng thể chống A và chống B (rất mạnh).' Nếu truyền cả túi máu O (cả hồng cầu lẫn huyết tương) cho bệnh nhân A, kháng thể chống A trong huyết tương của người O sẽ phá hủy hồng cầu của bệnh nhân A. Vì vậy, chỉ dùng khối hồng cầu O (đã loại bỏ huyết tương) hoặc truyền với số lượng rất nhỏ."
Tôi bị huyết khối tĩnh mạch sâu (DVT) có hiến máu được không?,"Không. Người có tiền sử huyết khối tĩnh mạch sâu thường phải dùng thuốc chống đông máu kéo dài (Warfarin, Rivaroxaban). Việc hiến máu khi đang dùng thuốc này có thể gây chảy máu kéo dài tại vết chọc kim. Ngoài ra, bản thân bệnh lý tăng đông cũng tiềm ẩn nguy cơ cho người hiến."
Tại sao người bị bệnh hồng cầu hình liềm (Sickle Cell) không hiến máu được?,"Bệnh hồng cầu hình liềm là bệnh di truyền, hồng cầu bất thường dễ vỡ và gây tắc mạch. Máu của họ không có giá trị truyền cho người khác vì hồng cầu sẽ bị phá hủy nhanh chóng trong cơ thể người nhận. Họ có thể cần truyền máu, không thể hiến."
"Tôi bị viêm cầu thận cấp đã khỏi, khi nào được hiến máu?","Viêm cầu thận cấp thường do nhiễm liên cầu khuẩn. Sau khi khỏi bệnh hoàn toàn (không còn phù, tăng huyết áp, protein niệu), bạn cần chờ ít nhất 6 tháng đến 1 năm trước khi hiến máu. Nếu bệnh diễn tiến thành mạn tính hoặc suy thận, bạn không thể hiến."
Lý do nào khiến máu bị 'nhiễm mỡ' nhiều nhất?,"Do ăn các bữa ăn giàu chất béo trước khi hiến máu (phở bò, xôi thịt mỡ, đồ chiên rán, trứng, sữa đặc, các loại hạt nhiều dầu). Chất béo được hấp thụ vào máu dưới dạng triglyceride, làm huyết tương đục màu. Nên ăn cháo không thịt, bánh mì không bơ, hoa quả trước khi hiến."
Vàng da tán huyết ở trẻ sơ sinh là gì?,"Là tình trạng tan máu ở trẻ sơ sinh do bất đồng nhóm máu mẹ - con (thường là mẹ Rh-, con Rh+ hoặc mẹ O, con A/B). Kháng thể của mẹ qua nhau thai phá hủy hồng cầu của con, gây vàng da nặng, thiếu máu. Điều trị bằng chiếu đèn hoặc thay máu."
Tại sao bệnh nhân suy tủy xương cần truyền máu thường xuyên?,"Suy tủy xương là tình trạng tủy xương không sản xuất đủ tế bào máu (hồng cầu, bạch cầu, tiểu cầu). Bệnh nhân bị thiếu máu nặng (mệt mỏi, khó thở) và giảm tiểu cầu (chảy máu). Họ cần truyền hồng cầu và tiểu cầu định kỳ để duy trì sự sống, thường xuyên mỗi 2-4 tuần."
"Tôi bị bệnh Basedow đã điều trị bằng i-ốt phóng xạ, khi nào hiến máu được?","Tuyệt đối không được hiến máu sau điều trị I-131 phóng xạ. I-131 tồn tại trong cơ thể và phát ra tia xạ. Hầu hết các trung tâm từ chối vĩnh viễn. Nếu bạn đã điều trị bằng phẫu thuật cắt tuyến giáp hoặc thuốc kháng giáp (Methimazole) mà không dùng i-ốt, bạn có thể hiến sau khi chức năng giáp ổn định."
"Tại sao khi lấy máu xét nghiệm, không được dùng lại kim tiêm?","Để phòng lây nhiễm chéo các bệnh qua đường máu (HIV, viêm gan B, C). Kim tiêm chỉ sử dụng một lần duy nhất, sau đó bỏ vào hộp an toàn. Tuyệt đối không tái sử dụng dưới bất kỳ hình thức nào."
Cảm giác kim chích vào da có làm tôi đau nhiều không?,Hầu hết mọi người chỉ cảm thấy hơi nhói như bị muỗi đốt trong 1-2 giây. Cảm giác đau phụ thuộc vào ngưỡng chịu đau của mỗi người. Nhân viên y tế được đào tạo để lấy máu nhanh và nhẹ nhàng nhất có thể.
Tôi bị bệnh sarcoidosis (bệnh hạt) có hiến máu được không?,"Sarcoidosis là bệnh viêm tạo hạt không rõ nguyên nhân, thường ảnh hưởng phổi và hạch bạch huyết. Bệnh nhân có thể hiến máu nếu bệnh ổn định, không suy hô hấp, không dùng thuốc ức chế miễn dịch liều cao (Methotrexate, Prednisone > 20mg/ngày). Tuy nhiên, nhiều trung tâm từ chối vì tính chất bệnh tự viêm."
Vai trò của Erythropoietin (EPO) trong tạo máu là gì?,"EPO là hormone do thận sản xuất, kích thích tủy xương sản xuất hồng cầu. Khi cơ thể thiếu oxy (lên cao, thiếu máu), thận tiết EPO để tăng sản xuất hồng cầu. EPO tổng hợp bị lạm dụng trong doping thể thao để tăng sức bền."
Tại sao người bị bệnh gút (Gout) đang có cơn đau cấp không nên hiến?,"Trong cơn gút cấp, cơ thể có phản ứng viêm toàn thân, bạch cầu tăng cao, các chất trung gian viêm (IL-6, TNF) có trong máu. Hiến máu lúc này có thể gây sốc cho người nhận và làm nặng thêm tình trạng viêm của bạn. Hãy đợi đến khi cơn gút kết thúc hoàn toàn."
Lọc máu (Dialysis) có phải là truyền máu không?,"Không. Lọc máu là quá trình đưa máu của bệnh nhân suy thận qua một hệ thống màng lọc để loại bỏ chất thải (urê, creatinine) và nước dư thừa, sau đó trả lại máu đã lọc cho bệnh nhân. Không có máu từ người hiến được thêm vào, trừ khi bệnh nhân bị thiếu máu và được truyền hồng cầu riêng."
Tôi bị bệnh ưa chảy máu (Hemophilia) thể nhẹ có hiến được không?,"Tuyệt đối không. Dù thể nhẹ, người bệnh Hemophilia vẫn có nguy cơ chảy máu kéo dài sau khi bị thương (kể cả vết kim chích). Máu của họ thiếu yếu tố đông máu (VIII hoặc IX), không thể cầm máu cho người khác. Họ bị loại vĩnh viễn khỏi danh sách người hiến máu."
Máu cuống rốn được lấy như thế nào?,"Sau khi em bé được sinh ra và cắt dây rốn, bác sĩ sẽ chích vào tĩnh mạch rốn còn lại (vẫn gắn với nhau thai) để hút lượng máu còn tồn dư. Thủ thuật này hoàn toàn vô hại cho cả mẹ và bé, chỉ mất 2-3 phút. Máu được bảo quản trong túi vô trùng."
"Tôi bị viêm tụy cấp đã khỏi, khi nào hiến máu được?","Viêm tụy cấp thường do sỏi mật hoặc rượu. Sau khi khỏi bệnh hoàn toàn (không đau bụng, men tụy bình thường), bạn cần chờ ít nhất 6 tháng đến 1 năm để đảm bảo không có di chứng (giả nang tụy, suy dinh dưỡng). Nếu do rượu, cần chứng minh đã cai rượu."
Tại sao tôi nên uống nước trước khi hiến máu?,"Uống 500-700 ml nước lọc hoặc nước trái cây trước khi hiến 30-60 phút giúp làm loãng máu, tăng thể tích tuần hoàn, giảm nguy cơ tụt huyết áp và choáng. Tĩnh mạch cũng sẽ to và dễ lấy kim hơn."
Người bị suy giáp (Hypothyroidism) dùng Levothyroxine có hiến được không?,"Hoàn toàn được. Suy giáp được điều trị thay thế bằng Levothyroxine (hormone tuyến giáp tổng hợp) rất an toàn, không ảnh hưởng đến máu. Bạn vẫn hiến bình thường miễn là sức khỏe ổn định, không có biến chứng tim mạch do suy giáp nặng trước đây."
Tại sao máu nhiễm HIV vẫn có thể cho kết quả xét nghiệm âm tính?,"Trong thời kỳ cửa sổ (window period), khoảng 2-6 tuần sau khi nhiễm HIV, cơ thể chưa sản xuất đủ kháng thể và kháng nguyên p24 để các xét nghiệm thông thường phát hiện. Dù trong máu đã có virus, xét nghiệm vẫn âm tính. Đó là lý do tại sao sàng lọc qua phỏng vấn hành vi nguy cơ rất quan trọng."
"Tôi bị bệnh Whitmore (Melioidosis) đã điều trị, khi nào hiến?","Whitmore do vi khuẩn Burkholderia pseudomallei gây ra, bệnh nặng, dễ tái phát. Sau khi điều trị khỏi hoàn toàn, bạn cần hoãn hiến máu ít nhất 2 năm và phải có xác nhận của bác sĩ chuyên khoa nhiễm."
"Tại sao khi truyền máu cần làm ấm máu?"",Chỉ làm ấm máu trong các trường hợp truyền máu khối lượng lớn (thay máu", cấp cứu xuất huyết ồ ạt) hoặc truyền cho trẻ sơ sinh
"Tôi bị viêm màng não mô cầu, khi nào hiến máu được?","Viêm màng não mô cầu là bệnh nhiễm khuẩn cấp tính nguy hiểm. Sau khi khỏi bệnh hoàn toàn và kết thúc điều trị dự phòng, bạn cần hoãn hiến máu ít nhất 12 tháng để đảm bảo không còn vi khuẩn trong máu."
Lợi ích của khối hồng cầu rửa (washed RBC) là gì?,"Khối hồng cầu rửa là chế phẩm đã được loại bỏ gần như toàn bộ huyết tương, bạch cầu và các chất bảo quản bằng cách rửa với nước muối sinh lý. Chỉ định cho bệnh nhân có tiền sử phản ứng dị ứng nặng (nổi mề đay, sốc phản vệ) do protein huyết tương, hoặc bệnh nhân thiếu hụt IgA."
Tôi bị bệnh u tủy (đa u tủy xương - Multiple Myeloma) có hiến được không?,"Không. U tủy là bệnh ác tính của tương bào. Bệnh nhân sản xuất kháng thể bất thường (protein M), gây suy thận, thiếu máu. Máu của họ hoàn toàn không thể truyền cho người khác. Họ cần được truyền máu, không phải hiến máu."
"Tại sao sau hiến máu, tôi thấy lạnh run?","Lạnh run có thể do cơ thể mất nhiệt khi máu chảy ra ngoài (nhiệt độ phòng thấp hơn cơ thể). Ngoài ra, việc mất một lượng máu kích thích hệ thần kinh giao cảm, gây co cơ để sinh nhiệt. Hãy uống nước ấm, đắp chăn, cơn run sẽ hết trong vài phút."
"Tôi bị bệnh Zona (giời leo) ở mắt, khi nào hiến?","Zona mắt do virus Varicella Zoster tái hoạt động. Bạn cần hoãn hiến cho đến khi các tổn thương da (mụn nước, vảy) đã lành hoàn toàn, không còn đau rát, và đã ngừng thuốc kháng virus (Acyclovir) được 2 tuần. Thường mất 4-6 tuần."
Vai trò của tủy xương trong cơ thể là gì?,"Tủy xương là cơ quan sản xuất ra tất cả các tế bào máu: hồng cầu (vận chuyển oxy), bạch cầu (miễn dịch) và tiểu cầu (cầm máu). Tủy xương nằm trong các xương lớn như xương chậu, xương ức, xương đùi. Khi bị bệnh (ung thư, suy tủy), tủy xương hoạt động kém."
Tại sao một số người không thể tìm thấy tĩnh mạch để lấy máu?,"Do tĩnh mạch nhỏ, nằm sâu dưới da, hoặc bị xẹp vì mất nước, hoặc do cơ thể có lớp mỡ dày. Nhân viên y tế có thể dùng garo chặt hơn, yêu cầu bạn nắm chặt tay, xoa bóp cánh tay, hoặc dùng đèn soi tĩnh mạch. Trường hợp khó có thể lấy máu ở mu bàn tay hoặc vùng nền ngón cái."
"Tôi bị bệnh viêm màng ngoài tim, có hiến được không?","Viêm màng ngoài tim thường do virus hoặc tự miễn. Trong giai đoạn cấp (đau ngực, sốt), không được hiến. Sau khi khỏi bệnh hoàn toàn (hết viêm, không dùng thuốc chống viêm), bạn cần chờ ít nhất 6 tháng. Nếu có di chứng dày màng ngoài tim hoặc suy tim, không được hiến."
Tại sao người bị thiếu máu do thiếu sắt vẫn có thể hiến máu sau khi bổ sung sắt?,"Sau khi bổ sung sắt đủ liều (thường 2-3 tháng) và chỉ số hemoglobin đã trở về bình thường (nữ >120, nam >130), bạn hoàn toàn có thể hiến máu. Tuy nhiên, nên duy trì bổ sung sắt sau hiến để tránh tái phát thiếu máu."
Bệnh đa hồng cầu nguyên phát (Polycythemia vera) điều trị bằng cách nào?,"Điều trị chính là trích máu định kỳ (phlebotomy) để làm giảm độ quánh của máu, giảm nguy cơ huyết khối. Bệnh nhân có thể được dùng thêm Aspirin hoặc thuốc ức chế tủy (Hydroxyurea). Lượng máu trích ra không được dùng để truyền cho người khác."
"Tôi bị viêm khớp vảy nến (Psoriatic arthritis), có hiến được không?","Nếu bệnh được kiểm soát tốt bằng thuốc chống viêm không steroid (NSAIDs) hoặc thuốc điều trị cơ bản nhẹ (Sulfasalazine), bạn có thể hiến. Nếu dùng Methotrexate, Leflunomide, hoặc các thuốc sinh học (Anti-TNF) như Etanercept, Infliximab → bị từ chối vì ức chế miễn dịch nặng."
Tại sao cần lắc nhẹ túi máu trong quá trình lấy máu?,"Để trộn đều máu với chất chống đông (Citrate-Phosphate-Dextrose) trong túi. Nếu không lắc, máu có thể đông cục cục bộ do tiếp xúc với thành túi chưa có chất chống đông. Máy lắc tự động thường được dùng."
"Tôi bị bệnh than (Anthrax) đã điều trị, khi nào hiến?","Bệnh than do vi khuẩn Bacillus anthracis gây ra. Sau khi điều trị khỏi hoàn toàn (kháng sinh 2-3 tháng), bạn cần hoãn hiến máu 2 năm. Bệnh than đường hô hấp có thể lây qua đường máu, rất nguy hiểm."
Vai trò của bạch cầu trung tính (Neutrophil) trong hệ miễn dịch?,"Bạch cầu trung tính là loại bạch cầu phổ biến nhất (50-70%), là 'quân đội' tuyến đầu chống lại vi khuẩn và nấm. Chúng thực bào (ăn) vi khuẩn, giải phóng enzym tiêu diệt. Khi nhiễm khuẩn, số lượng trung tính tăng cao (tăng bạch cầu đa nhân trung tính)."
Tại sao người bị suy thận mạn đang chạy thận nhân tạo không hiến máu được?,"Bệnh nhân suy thận mạn bị thiếu máu nặng do thiếu EPO, họ thường có Hb rất thấp (70-90g/L). Họ cần truyền máu, không thể hiến. Ngoài ra, họ dùng thuốc chống đông trong quá trình chạy thận, dễ chảy máu. Máu của họ có thể chứa nhiều chất thải (urê) không tốt cho người nhận."
"Tôi bị viêm túi thừa đại tràng (Diverticulitis), khi nào hiến?","Viêm túi thừa là nhiễm trùng thành đại tràng. Sau cơn viêm cấp, bạn cần điều trị kháng sinh 7-14 ngày. Hoãn hiến máu cho đến khi khỏi hẳn và ngừng kháng sinh 2 tuần. Nếu phải phẫu thuật cắt đại tràng, chờ 6 tháng sau mổ."
Hiến máu có ảnh hưởng đến khả năng sinh sản của nam giới không?,Hoàn toàn không. Hiến máu không ảnh hưởng đến nội tiết tố nam (testosterone) hay quá trình sản xuất tinh trùng. Máu mất được phục hồi nhanh. Không có bất kỳ bằng chứng khoa học nào cho thấy hiến máu gây vô sinh.
"Tại sao không nên hiến máu khi vừa mới xỏ khuyên tai, lưỡi?","Xỏ khuyên tai, lưỡi (piercing) có nguy cơ lây nhiễm viêm gan B, C, HIV qua dụng cụ không vô trùng. Bạn cần hoãn hiến ít nhất 6 tháng đến 1 năm sau khi xỏ khuyên để đảm bảo không mắc bệnh qua đường máu."
Người bị thiếu máu do tan máu tự miễn (AIHA) có hiến được không?,"Không. AIHA là bệnh tự miễn, cơ thể sản xuất kháng thể chống lại hồng cầu của chính mình. Máu của bệnh nhân chứa các kháng thể này, nếu truyền cho người khác sẽ phá hủy hồng cầu của người nhận, gây tan máu cấp nguy hiểm."
"Tại sao sau hiến máu, tôi cảm thấy đói cồn cào?","Cơ thể vừa mất một lượng máu (chứa glucose và năng lượng). Quá trình tái tạo máu đòi hỏi năng lượng và nguyên liệu. Đói là tín hiệu bình thường. Hãy ăn bữa ăn nhẹ giàu protein và carbohydrate (trứng, sữa, bánh mì, cháo)."
Tôi bị bệnh giang mai giai đoạn cuối (giang mai thần kinh) có hiến được không?,"Không. Giang mai là bệnh lây truyền qua đường máu. Nếu đã điều trị khỏi hoàn toàn (xét nghiệm RPR/TPHA âm tính hoặc giảm 4 lần) và không còn triệu chứng, bạn phải hoãn hiến ít nhất 1 năm sau khi kết thúc điều trị (theo nhiều trung tâm). Tuy nhiên, tổn thương thần kinh do giang mai thường là chống chỉ định vĩnh viễn."
Vai trò của yếu tố XIII (Fibrin stabilizing factor) trong đông máu?,"Yếu tố XIII có nhiệm vụ tạo liên kết chéo giữa các sợi fibrin, làm cho cục máu đông vững chắc và bền hơn. Thiếu yếu tố XIII gây chảy máu kéo dài, chậm lành vết thương, dễ bị tụ máu dưới da."
Tại sao bệnh nhân ung thư vú sau hóa trị có thể cần truyền tiểu cầu?,"Hóa trị gây ức chế tủy xương, làm giảm tiểu cầu (giảm tiểu cầu - thrombocytopenia). Khi tiểu cầu dưới 10-20 G/L, bệnh nhân có nguy cơ chảy máu nội sọ, chảy máu nội tạng tự phát. Truyền tiểu cầu giúp nâng chỉ số lên trên mức an toàn."
"Tôi bị viêm cơ tim (Myocarditis) do virus, khi nào hiến?","Viêm cơ tim cấp tính là bệnh nặng, có thể gây suy tim. Sau khi hồi phục hoàn toàn (tim bình thường trên siêu âm, điện tim ổn, không dùng thuốc trợ tim), bạn cần hoãn hiến ít nhất 12 tháng. Nếu có di chứng giãn cơ tim, không bao giờ được hiến."
Tại sao không nên xoa bóp vết kim sau khi rút kim?,"Xoa bóp làm máu tụ dưới da, gây bầm tím to hơn. Hành động đúng là ấn chặt bông gạc (hoặc miếng dán) lên vết kim, giữ cánh tay thẳng, không co duỗi, trong 5-10 phút. Xoa bóp chỉ làm tổn thương mô mềm và nội mạc tĩnh mạch."
Tôi bị bệnh mạch máu não (dị dạng thông động tĩnh mạch - AVM) có hiến được không?,"Bệnh nhân có AVM chưa được điều trị có nguy cơ vỡ mạch, xuất huyết não. Hiến máu làm giảm thể tích, giảm huyết áp đột ngột có thể kích thích vỡ mạch. Bạn không được hiến máu. Nếu đã được phẫu thuật hoặc can thiệp nút mạch thành công, cần đánh giá lại sau 1-2 năm."
Người bị hội chứng HELLP (một biến chứng thai kỳ) về sau có hiến được không?,"Hội chứng HELLP xảy ra khi mang thai (tan máu, men gan cao, tiểu cầu thấp). Sau khi sinh, nếu các chỉ số hồi phục hoàn toàn (tiểu cầu > 150, men gan bình thường, không tan máu) và không có bệnh lý nền (lupus, kháng phospholipid), bạn có thể hiến máu sau 12 tháng."
Vì sao cần lắc đều túi máu ngay sau khi lấy?,"Để hòa trộn máu với chất chống đông ngay lập tức. Nếu không lắc, máu sẽ đông lại thành cục trong túi dù có chất chống đông, do sự phân tầng. Lắc nhẹ nhàng, liên tục trong suốt quá trình lấy máu."
"Tôi bị bệnh bạch hầu (Diphtheria) đã điều trị, khi nào hiến?","Bạch hầu là bệnh nhiễm trùng cấp tính nguy hiểm. Sau khi điều trị khỏi và đã tiêm vắc xin dự phòng, bạn cần hoãn hiến ít nhất 12 tháng. Vi khuẩn bạch hầu có thể tồn tại trong máu giai đoạn cấp."
Tại sao người bị viêm loét dạ dày tá tràng do HP thường bị thiếu máu?,"Vi khuẩn HP gây viêm loét mạn tính, có thể gây chảy máu tiêu hóa âm thầm (mất máu qua phân). Mất máu kéo dài dẫn đến thiếu sắt và thiếu máu nhược sắc. Điều trị diệt HP và bổ sung sắt sẽ cải thiện."
Hiến máu có cải thiện được cholesterol xấu (LDL) không?,"Một số nghiên cứu cho thấy hiến máu định kỳ giúp giảm LDL và tăng HDL (cholesterol tốt) nhẹ, do cơ thể buộc phải huy động lipid để tổng hợp màng tế bào mới. Tuy nhiên, tác dụng không lớn bằng chế độ ăn uống và tập thể dục."
"Tôi bị bệnh sarcom mô mềm (ung thư), đã chữa khỏi 10 năm, có hiến được không?","Hầu hết các trung tâm y tế từ chối vĩnh viễn bất kỳ ai có tiền sử ung thư ác tính (sarcom, ung thư biểu mô) dù đã chữa khỏi nhiều năm, vì nguy cơ tế bào ung thư tiềm ẩn trong máu. Chỉ chấp nhận ung thư da tế bào đáy hoặc ung thư cổ tử cung tại chỗ đã cắt bỏ."
Tại sao móng tay tôi trắng nhợt sau khi hiến máu?,"Màu sắc móng tay phản ánh độ hồng cầu và oxy máu. Sau hiến, hồng cầu giảm nhẹ (khoảng 10%), móng tay và môi có thể hơi nhợt trong 1-2 ngày. Cơ thể sẽ nhanh chóng tái tạo."
"Tôi bị bệnh dại (Rabies) đã tiêm vắc xin, có hiến được không?","Nếu bạn bị phơi nhiễm dại (bị chó cắn) và đã tiêm vắc xin phòng dại, bạn phải hoãn hiến máu ít nhất 1 năm kể từ khi hoàn thành phác đồ tiêm, để đảm bảo không có virus dại trong máu (thời gian ủ bệnh dại có thể rất dài)."
Vai trò của Heparin trong điều trị huyết khối?,"Heparin là thuốc chống đông tác dụng nhanh, dùng đường tiêm (tĩnh mạch hoặc dưới da) để điều trị huyết khối tĩnh mạch sâu, thuyên tắc phổi, hoặc trong chạy thận nhân tạo. Nó hoạt hóa antithrombin III, ngăn chặn sự hình thành fibrin. Thuốc có thể gây giảm tiểu cầu do Heparin (HIT)."
"Tại sao sau khi hiến máu, tôi thấy có vị ngọt trong miệng?","Có thể do bạn vừa uống nước ngọt hoặc ăn bánh kẹo tại bàn tiếp tân. Một số người cảm nhận vị ngọt bất thường do thay đổi pH trong khoang miệng khi mất nước nhẹ, hoặc do đường huyết thay đổi (phản xạ hạ đường huyết nhẹ)."
"Tôi bị viêm khớp dạng thấp (RA) dùng Hydroxychloroquine, có hiến được không?","Có thể. Hydroxychloroquine (Plaquenil) không phải là chống chỉ định. Nếu bạn chỉ dùng NSAIDs (ibuprofen) hoặc Hydroxychloroquine, không dùng Methotrexate, Leflunomide, hoặc sinh học, bạn vẫn có thể hiến máu khi bệnh ổn định."
Tại sao không nên hút thuốc ngay sau khi hiến máu?,"Nicotine co mạch, tăng nhịp tim và huyết áp, trong khi cơ thể vừa mất máu cần ổn định. Hút thuốc ngay sau hiến có thể gây chóng mặt, choáng, ngất. Nên đợi ít nhất 30 phút đến 1 giờ."
"Tôi bị viêm cầu thận mạn, có hiến được không?","Không. Viêm cầu thận mạn dẫn đến suy thận mạn, thiếu máu do thiếu EPO, tăng huyết áp. Bệnh nhân thường có Hb thấp, chức năng thận kém (urê, creatinin cao). Máu của họ có chất thải không tốt cho người nhận. Không được phép hiến."
Vì sao có thể hiến máu khi bị cúm A sau khi khỏi 1 tuần?,"Cúm A (H1N1, H3N2) là bệnh do virus, có giai đoạn virus trong máu (viremia). Sau khi hết sốt và các triệu chứng hô hấp (ho, sổ mũi), bạn cần chờ thêm 7-14 ngày để đảm bảo virus đã bị loại sạch khỏi máu. 1 tuần có thể chưa đủ an toàn, 2 tuần là an toàn hơn."
Hiến máu có gây rụng tóc không?,"Hoàn toàn không. Rụng tóc liên quan đến nội tiết (testosterone, DHT), căng thẳng, dinh dưỡng, bệnh lý tuyến giáp. Hiến máu không ảnh hưởng đến nang tóc. Nếu bạn thiếu máu do thiếu sắt mạn tính (không liên quan hiến máu), rụng tóc có thể xảy ra."
"Tôi bị bệnh Mycoplasma pneumoniae (viêm phổi không điển hình), khi nào hiến?","Mycoplasma gây viêm phổi kéo dài, có thể có biểu hiện ngoài phổi (tan máu, viêm khớp). Sau khi khỏi bệnh hoàn toàn (hết sốt, hết ho, X-quang phổi sạch), bạn cần chờ ít nhất 3-6 tháng trước khi hiến máu."
Tại sao bệnh nhân sau ghép tạng phải dùng thuốc ức chế miễn dịch?,"Để ngăn cơ thể đào thải tạng ghép (thận, gan, tim). Các thuốc ức chế miễn dịch (Cyclosporine, Tacrolimus, Mycophenolate) làm suy giảm chức năng tủy xương, gây thiếu máu, giảm bạch cầu, giảm tiểu cầu. Những bệnh nhân này không bao giờ được hiến máu."
"Tôi bị bệnh nấm Histoplasmosis, khi nào hiến?","Histoplasmosis là bệnh nhiễm nấm toàn thân, có thể gây nhiễm trùng máu. Sau khi điều trị khỏi hoàn toàn (thuốc kháng nấm 6-12 tháng), bạn cần hoãn hiến ít nhất 12 tháng. Nấm có thể tồn tại dưới dạng bào tử trong máu."
Vai trò của Transferrin trong chuyển hóa sắt?,"Transferrin là protein vận chuyển sắt trong máu. Nó gắn với sắt từ ruột non hoặc từ kho dự trữ (gan, lách) và đưa đến tủy xương để tạo hồng cầu. Xét nghiệm transferrin giúp đánh giá tình trạng thiếu sắt (transferrin tăng) hoặc thừa sắt (transferrin bão hòa cao)."
Tại sao người bị bệnh xơ gan mất bù không được hiến máu?,"Xơ gan mất bù (cổ trướng, vàng da, rối loạn đông máu) gây thiếu máu (do giảm sản xuất, tăng phá hủy, xuất huyết tiêu hóa). Bệnh nhân có nguy cơ chảy máu khi lấy kim, và máu của họ suy giảm các yếu tố đông máu, không tốt. Họ bị loại."
"Tôi bị viêm nội tâm mạc nhiễm khuẩn, khi nào hiến?","Viêm nội tâm mạc là nhiễm khuẩn van tim. Sau khi điều trị khỏi (kháng sinh 4-6 tuần) và phẫu thuật thay van (nếu cần), bạn cần hoãn hiến ít nhất 2 năm, miễn là không còn suy tim, không dùng kháng sinh dự phòng kéo dài."
Tại sao trước hiến máu nên ngủ đủ giấc?,"Thiếu ngủ gây mệt mỏi, suy giảm miễn dịch, tăng huyết áp, rối loạn nhịp tim. Hiến máu khi thiếu ngủ sẽ làm tăng nguy cơ choáng, tụt huyết áp, mất ý thức. Một giấc ngủ 6-8 giờ giúp cơ thể sẵn sàng."
"Tôi bị bệnh sốt phát ban (Typhus), khi nào hiến?","Sốt phát ban do Rickettsia, lây qua chấy rận. Sau khi điều trị khỏi (Doxycycline), bạn cần hoãn hiến ít nhất 12 tháng. Rickettsia có thể tồn tại trong cơ thể thời gian dài."
Hiến máu có giúp da đẹp hơn không?,"Không trực tiếp. Tuy nhiên, nếu bạn bị thiếu máu do thiếu sắt (da xanh xao), sau khi bổ sung sắt và hiến máu (kích thích tạo máu mới), da có thể hồng hào hơn nhờ tăng cường vi tuần hoàn. Nhưng tác dụng không rõ rệt."
Vai trò của yếu tố Von Willebrand trong thử nghiệm đông máu?,"Yếu tố Von Willebrand (vWF) vừa giúp tiểu cầu bám dính, vừa là chất vận chuyển yếu tố VIII. Trong phòng thí nghiệm, thiếu vWF gây kéo dài thời gian chảy máu (BT), bình thường APTT (thời gian thromboplastin một phần hoạt hóa). Xét nghiệm kháng nguyên vWF và hoạt tính vWF giúp chẩn đoán bệnh."
"Tôi bị bệnh Brucella, khi nào hiến?","Brucella (sốt sót) là bệnh lây từ động vật (dê, cừu). Vi khuẩn có thể gây nhiễm trùng máu kéo dài. Sau khi điều trị khỏi (kháng sinh 6-8 tuần), cần hoãn hiến ít nhất 2 năm, và phải có xét nghiệm huyết thanh âm tính."
Tại sao phụ nữ đang trong giai đoạn tiền mãn kinh không nên hiến máu quá nhiều?,"Tiền mãn kinh, kinh nguyệt vẫn còn nhưng không đều. Mất máu kinh cộng với hiến máu dễ dẫn đến thiếu máu do thiếu sắt trầm trọng. Nên hiến với tần suất thấp hơn (2 lần/năm) và kiểm tra ferritin thường xuyên."
"Tôi bị viêm màng não do vi khuẩn (Neisseria meningitidis), khi nào hiến?","Sau khi điều trị khỏi và hoàn thành dự phòng cho người tiếp xúc, bạn cần hoãn hiến ít nhất 12 tháng để tránh nguy cơ mang vi khuẩn trong máu không triệu chứng."
Vì sao bệnh nhân Thalassemia nặng cần truyền máu suốt đời?,"Bệnh nhân Thalassemia thể nặng (đồng hợp tử) không sản xuất đủ hemoglobin, dẫn đến thiếu máu trầm trọng, cần truyền hồng cầu mỗi 2-4 tuần để duy trì sự sống. Họ cũng bị ứ sắt do truyền máu nhiều lần, cần dùng thuốc thải sắt (Desferal, Exjade)."
Tại sao tôi bị tê đầu ngón tay sau khi hiến máu?,"Tê đầu ngón tay có thể do chèn ép dây thần kinh khi nằm sai tư thế lâu (cánh tay bị gập, kê gối không đúng). Ngoài ra, mất dịch có thể gây rối loạn điện giải nhẹ (K, Mg). Cơn tê thường tự hết sau khi xoa bóp nhẹ và uống nước."
"Tôi bị bệnh ghẻ (Scabies), có hiến được không?","Ghẻ do cái ghẻ (Sarcoptes scabiei) ký sinh trên da, không sống trong máu. Bạn vẫn có thể hiến máu nếu không có bội nhiễm da (chàm hóa, mủ) và không dùng thuốc kháng sinh toàn thân. Tuy nhiên, nên hoãn đến khi điều trị khỏi (bôi Permethrin) để tránh lây cho nhân viên y tế."
Vai trò của enzyme G6PD trong hồng cầu?,"G6PD (glucose-6-phosphate dehydrogenase) bảo vệ hồng cầu khỏi stress oxy hóa. Thiếu G6PD (bệnh di truyền giới tính, thường gặp ở nam) khiến hồng cầu dễ bị vỡ khi gặp thuốc (sulfa, primaquine) hoặc ăn đậu fava (favism), gây tan máu cấp."
"Tại sao sau khi hiến máu, tôi đi tiểu nhiều hơn?","Cơ thể bạn vừa mất một lượng dịch, hệ thống thận sẽ tăng cường lọc và bài tiết để điều hòa thể tích. Nhưng thực tế, nếu bạn uống nhiều nước sau hiến (được khuyến khích), bạn sẽ đi tiểu nhiều. Đó là bình thường."
Chiến dịch 'Giọt hồng' là gì?,"'Giọt hồng' là tên gọi của nhiều chương trình hiến máu tình nguyện tại Việt Nam, do Hội Chữ thập đỏ và Viện Huyết học Truyền máu Trung ương phối hợp tổ chức. Các chiến dịch thường diễn ra vào dịp Tết, hè, hoặc khi khan hiếm máu."
"Tôi bị bệnh lao màng não, đã điều trị khỏi 3 năm, có hiến được không?","Tuberculosis màng não là thể lao nặng. Sau khi kết thúc điều trị (12-18 tháng) và không còn di chứng thần kinh, bạn cần hoãn hiến thêm 2-3 năm nữa (tổng cộng 5 năm sau điều trị) mới được xem xét, do nguy cơ tái phát muộn."
Tại sao người bị bệnh amyloidosis không hiến máu được?,"Amyloidosis là bệnh lắng đọng protein bất thường (amyloid) trong các cơ quan (tim, thận, gan). Bệnh nhân suy đa tạng, thiếu máu nặng. Amyloid có thể lắng đọng trong túi máu và gây hại cho người nhận (không rõ cơ chế). Họ bị từ chối."
Hiến máu có giúp tăng cường sinh lý nam không?,"Không có bằng chứng. Sinh lý nam phụ thuộc testosterone, tâm lý, bệnh lý mạch máu. Hiến máu làm giảm độ quánh máu (tốt cho cương dương) nhưng tác động không đáng kể. Ngược lại, nếu hiến quá nhiều gây thiếu máu, sinh lý có thể giảm."
Tại sao vết bầm sau hiến máu đôi khi lan xuống cẳng tay?,"Do máu tụ dưới da di chuyển theo trọng lực (tụ máu ở khuỷu tay chảy dần xuống vùng cẳng tay, mu bàn tay). Đây là hiện tượng thường gặp, vô hại. Máu sẽ được hấp thu trong 1-2 tuần, màu sắc thay đổi từ tím sang vàng rồi biến mất."
"Tôi bị bệnh nấm Cryptococcus, khi nào hiến?","Cryptococcus là nấm gây viêm màng não ở người suy giảm miễn dịch. Sau khi điều trị khỏi (Amphotericin B + Flucytosine), bạn phải hoãn hiến ít nhất 2 năm và có xét nghiệm kháng nguyên âm tính."
Vai trò của chỉ số MCV (Mean Corpuscular Volume) trong xét nghiệm máu?,"MCV cho biết kích thước trung bình của hồng cầu. MCV thấp (hồng cầu nhỏ) gặp trong thiếu máu thiếu sắt, Thalassemia. MCV cao (hồng cầu to) gặp trong thiếu vitamin B12, acid folic (thiếu máu hồng cầu to), bệnh gan, nghiện rượu."
Tại sao tôi không nên ăn trứng trước khi hiến máu?,"Lòng đỏ trứng rất giàu cholesterol và chất béo. Ăn trứng vào bữa sáng trước khi hiến có thể gây nhiễm mỡ máu sau ăn, làm huyết tương đục, ảnh hưởng đến kết quả xét nghiệm sàng lọc bệnh truyền nhiễm (dễ sai). Nên tránh ăn trứng ít nhất 8-12 tiếng trước hiến."
Bệnh nhân Parkinson có hiến máu được không?,"Bệnh Parkinson là bệnh thoái hóa thần kinh, không lây. Nếu bệnh nhân không có bệnh lý kèm theo (thiếu máu, suy dinh dưỡng, dùng thuốc ức chế miễn dịch), họ vẫn có thể hiến máu. Tuy nhiên, run tay có thể gây khó khăn khi lấy máu. Cần đánh giá từng trường hợp."
Tại sao bệnh nhân chạy thận nhân tạo thường dùng thuốc kích thích tạo hồng cầu (EPO)?,"Vì suy thận mạn làm giảm sản xuất EPO, dẫn đến thiếu máu nặng (Hb 70-90). Tiêm EPO tổng hợp (Epoetin alfa) giúp kích thích tủy xương sản xuất hồng cầu, giảm nhu cầu truyền máu và cải thiện chất lượng sống."
Hiến máu có được nghỉ làm hưởng lương không?,"Theo quy định của Bộ luật Lao động Việt Nam, người lao động hiến máu tình nguyện được nghỉ có hưởng lương ít nhất 01 ngày. Một số cơ quan, doanh nghiệp thưởng thêm. Bạn cần có giấy xác nhận của đơn vị tiếp nhận máu."
"Tôi bị bệnh viêm màng não do Enterovirus, khi nào hiến?","Hầu hết Enterovirus (Coxsackie, Echo) gây bệnh nhẹ. Sau khi khỏi bệnh hoàn toàn, bạn cần hoãn hiến ít nhất 1 tháng (virus có thể đào thải qua phân trong 2-4 tuần, viremia ngắn)."
Vai trò của chỉ số RDW (Red Cell Distribution Width) là gì?,"RDW phản ánh sự thay đổi kích thước hồng cầu (độ rộng phân bố). RDW tăng cao gặp trong thiếu máu do thiếu sắt (hồng cầu không đồng đều), thiếu vitamin B12, hoặc bệnh lý tủy. RDW bình thường trong bệnh Thalassemia thể nhẹ."
Tại sao tôi bị mất ngủ sau khi hiến máu?,"Ngược lại với cảm giác mệt, một số người bị kích thích nhẹ do adrenalin và endorphin giải phóng, gây tỉnh táo, khó ngủ. Cũng có thể do lo lắng hoặc thay đổi nhịp sinh học. Uống trà thảo mộc (hoa cúc) và thư giãn sẽ cải thiện."
Máu hiến được dùng cho những ai?,"Máu hiến được dùng cho: Nạn nhân tai nạn (mất máu cấp), bệnh nhân phẫu thuật (tim mạch, cắt gan, bỏng), bệnh nhân ung thư (bạch cầu, u tủy, hóa trị), bệnh nhân suy tủy, Thalassemia, xuất huyết tiêu hóa, phụ nữ băng huyết sau sinh, và cấp cứu sản khoa."
"Tôi bị bệnh sốt vàng da (Yellow fever) đã tiêm vắc xin, khi nào hiến?","Vắc xin sốt vàng da là vắc xin sống giảm độc lực, virus có thể có trong máu 7-14 ngày sau tiêm. Bạn cần hoãn hiến 4 tuần sau khi tiêm vắc xin. Nếu bạn bị bệnh sốt vàng da tự nhiên, phải hoãn ít nhất 1 năm sau khỏi."
Tại sao không nên dùng túi máu đã hết hạn?,"Máu hết hạn sẽ có nguy cơ cao bị vỡ hồng cầu (tan máu), giảm chức năng của tế bào, nồng độ kali tăng cao (gây độc tim), và nhiễm khuẩn (do chất bảo quản phân hủy). Túi máu hết hạn phải hủy bỏ."
Vai trò của chỉ số MCHC (Mean Corpuscular Hemoglobin Concentration) là gì?,"MCHC là nồng độ hemoglobin trung bình trong một thể tích hồng cầu. MCHC thấp (nhạt màu) gặp trong thiếu máu thiếu sắt, Thalassemia. MCHC rất cao bất thường có thể do sai máy hoặc bệnh hồng cầu hình cầu (MCHC thường cao > 36% trong bệnh hồng cầu hình cầu di truyền - Spherocytosis)."
Hiến máu có giúp giảm nguy cơ đột quỵ không?,"Có thể. Giảm độ quánh của máu (do giảm hồng cầu) cải thiện lưu thông máu não, giảm nguy cơ hình thành cục máu đông (huyết khối). Nhiều nghiên cứu dịch tễ cho thấy người hiến máu thường xuyên có tỷ lệ đột quỵ thiếu máu não thấp hơn, nhưng không phải là biện pháp điều trị."
"Tôi bị bệnh u nang sán (Echinococcus), khi nào hiến?","U nang sán (hydatid cyst) do ấu trùng sán chó (Echinococcus) gây ra. Bệnh có thể có nang vỡ, giải phóng ấu trùng vào máu. Sau khi phẫu thuật lấy nang và điều trị thuốc (Albendazole), bạn cần hoãn hiến 3-5 năm và phải có xét nghiệm huyết thanh âm tính."
Tôi bị hội chứng Marfan có hiến máu được không?,"Hội chứng Marfan là bệnh di truyền mô liên kết, thường kèm bệnh lý van tim (sa van hai lá, phình động mạch chủ). Hiến máu làm giảm thể tích, có thể ảnh hưởng huyết động. Nếu tim mạch bình thường (siêu âm tim ổn), bạn có thể hiến. Nếu có phình động mạch chủ hoặc suy van tim, không được hiến."
Tại sao người bị bệnh u xơ thần kinh (Neurofibromatosis) loại 1 không nên hiến máu?,"U xơ thần kinh loại 1 có thể có biến chứng u trong ổ bụng, u tế bào ưa crom (pheochromocytoma) gây tăng huyết áp kịch phát. Hiến máu có thể gây tăng áp đột ngột, nguy hiểm. Nếu không có biến chứng, bác sĩ có thể xem xét."
Hiến máu có ảnh hưởng đến kết quả xét nghiệm tuyến giáp sau này không?,"Hiến máu làm giảm nhẹ thể tích huyết tương, nhưng nồng độ hormone tuyến giáp (TSH, FT3, FT4) không thay đổi đáng kể. Bạn vẫn có thể xét nghiệm tuyến giáp bình thường ngay sau hiến. Khuyến cáo nên xét nghiệm trước khi hiến để có kết quả chính xác nhất."
Tôi bị bệnh viêm da cơ (Dermatomyositis) có hiến được không?,"Viêm da cơ là bệnh tự miễn viêm cơ, da. Người bệnh thường dùng Corticoid, Methotrexate, Azathioprine. Tất cả các thuốc này đều là chống chỉ định hiến máu (ức chế miễn dịch, độc tế bào). Nếu bệnh ở giai đoạn ổn định, không dùng thuốc nặng, có thể được xem xét nhưng hiếm."
Tại sao bệnh nhân bị viêm loét chân do suy tĩnh mạch mạn thường thiếu máu?,"Viêm loét chân mạn tính chảy dịch, rớm máu kéo dài gây mất sắt dần dần. Quá trình viêm mạn làm tăng cytokine gây ức chế tạo hồng cầu (anemia of chronic disease). Bệnh nhân thường có Hb thấp, khó đạt tiêu chuẩn hiến máu."
Vai trò của chỉ số TIBC (Total Iron Binding Capacity) trong xét nghiệm sắt?,"TIBC phản ánh khả năng gắn sắt của transferrin. Khi thiếu sắt, cơ thể tăng tổng hợp transferrin để hấp thu sắt tối đa → TIBC tăng. Khi thừa sắt (hemochromatosis), TIBC giảm hoặc bão hòa transferrin cao. TIBC bình thường 250-450 μg/dL."
Người bị hội chứng Ehlers-Danlos (da giãn quá mức) có hiến máu được không?,"Hội chứng Ehlers-Danlos (EDS) có rối loạn tổng hợp collagen, da mỏng, giãn, tĩnh mạch dễ vỡ, dễ bầm tím, vết thương lâu lành. Hiến máu có thể gây chảy máu kéo dài, vết bầm khổng lồ. Đa số các trung tâm từ chối vì lý do an toàn cho người hiến."
"Tại sao sau khi truyền máu, bệnh nhân bị sốc phản vệ dù đã làm phản ứng chéo?","Sốc phản vệ có thể do thiếu hụt IgA ở người nhận (có kháng thể anti-IgA). Máu người cho chứa IgA, dù hòa hợp ABO, vẫn gây phản ứng. Đây là lý do cần sàng lọc IgA cho người bệnh có tiền sử dị ứng truyền máu nặng."
Hiến tiểu cầu gạn tách có đau hơn hiến máu thường không?,"Về cảm giác kim chọc tương tự nhau. Tuy nhiên, trong quá trình trả lại hồng cầu (khoảng 60-90 phút), bạn có thể cảm thấy hơi lạnh, tê môi, hoặc cảm giác ngứa ran do chất chống đông Citrate. Các triệu chứng này nhẹ, hết khi giảm tốc độ hoặc bổ sung canxi đường uống."
Tôi bị bệnh thiếu máu Fanconi (suy tủy xương di truyền) có hiến được không?,"Không. Thiếu máu Fanconi là bệnh suy tủy di truyền, hiếm gặp. Bệnh nhân giảm tất cả các dòng tế bào máu. Họ cần truyền máu định kỳ, không thể hiến máu."
"Tại sao trước khi hiến máu, tôi phải ký vào giấy đồng ý?","Giấy đồng ý (informed consent) xác nhận bạn hiểu rõ quy trình, lợi ích, rủi ro, tự nguyện hiến, cho phép sử dụng máu vào mục đích điều trị hoặc nghiên cứu (nếu cần). Đây là quy định pháp lý bắt buộc, bảo vệ quyền lợi của bạn."
Vai trò của chỉ số Ferritin trong đánh giá dự trữ sắt?,"Ferritin là protein dự trữ sắt trong cơ thể (gan, lách, tủy xương). Nồng độ ferritin huyết thanh phản ánh lượng sắt dự trữ. Ferritin thấp (<15-30 ng/mL) chắc chắn thiếu sắt dự trữ. Ferritin cao có thể do thừa sắt, viêm, bệnh gan, ung thư."
Tôi bị bệnh bướu cổ đơn thuần (không cường giáp) có hiến được không?,"Bướu cổ đơn thuần (simple goiter) chức năng tuyến giáp bình thường, không dùng thuốc kháng giáp, không suy tim. Bạn hoàn toàn có thể hiến máu bình thường. Tránh nhầm lẫn với bướu cổ Basedow (cường giáp)."
Tại sao người bị bệnh ho gà (Pertussis) không được hiến máu?,"Ho gà do vi khuẩn Bordetella pertussis gây viêm đường hô hấp, có thể có vi khuẩn trong máu giai đoạn sớm. Bạn cần hoãn hiến cho đến khi khỏi bệnh hoàn toàn (hết ho từ 2-3 tuần) và ngừng kháng sinh (Azithromycin) ít nhất 2 tuần."
Hiến máu có giúp giảm mỡ bụng không?,"Không trực tiếp. Hiến máu không đốt cháy mỡ bụng. Tuy nhiên, giảm sắt dự trữ (đi kèm hiến máu định kỳ) có thể cải thiện độ nhạy insulin, giảm nguy cơ hội chứng chuyển hóa. Nhưng giảm mỡ bụng chỉ đạt được bằng chế độ ăn kiêng và tập thể dục."
"Tôi bị bệnh nấm Candida máu (Candidemia) đã điều trị khỏi, khi nào hiến?","Candida máu là nhiễm trùng huyết do nấm, nặng. Sau khi điều trị khỏi (thuốc kháng nấm 14-21 ngày), cần hoãn hiến ít nhất 12 tháng và có xét nghiệm máu âm tính."
Vai trò của chỉ số Haptoglobin trong tan máu?,"Haptoglobin là protein gắn với hemoglobin tự do khi hồng cầu vỡ. Khi tan máu, haptoglobin giảm (bị tiêu thụ). Xét nghiệm haptoglobin thấp (<30 mg/dL) gợi ý tan máu nội mạch hoặc ngoại mạch. Kết hợp LDH tăng, bilirubin gián tiếp tăng."
Người bị bệnh Wilson (thoái hóa gan não) dùng thuốc thải đồng có bị thiếu máu không?,"Thuốc thải đồng D-penicillamine có thể gây ức chế tủy, giảm bạch cầu, giảm tiểu cầu, và thiếu máu do thiếu đồng (thiếu máu nhược sắc). Bệnh nhân Wilson thường thiếu máu nhẹ, nếu nặng sẽ bị từ chối hiến máu."
Tại sao tôi không nên đi xe máy đường dài ngay sau khi hiến máu?,"Hiến máu gây giảm thể tích, thiếu oxy não nhẹ, phản xạ chậm, dễ chóng mặt. Lái xe máy đường dài, đặc biệt khi trời nóng, dễ gây tai nạn. Khuyến cáo nghỉ ngơi ít nhất 4-6 giờ, uống đủ nước, không lái xe nếu còn cảm thấy mệt."
Tôi bị bệnh lao hạch (đã chữa khỏi 5 năm) có hiến được không?,"Sau 5 năm khỏi bệnh lao hạch, không tái phát, không dùng thuốc chống lao, sức khỏe tốt, bạn có thể hiến máu. Nhiều trung tâm chấp nhận sau 2-3 năm, nhưng 5 năm là an toàn tuyệt đối."
Vai trò của bạch cầu ái toan (Eosinophil) trong bệnh lý?,"Bạch cầu ái toan tăng cao (eosinophilia) gặp trong bệnh nhiễm ký sinh trùng (giun sán), dị ứng (hen, chàm), bệnh tự miễn (Churg-Strauss), hoặc một số bệnh ác tính (bạch cầu ái toan mạn). Bình thường chỉ chiếm 1-4% bạch cầu."
Hiến máu có giúp cải thiện tình trạng rụng tóc do thiếu sắt không?,"Nếu rụng tóc do thiếu sắt (ferritin thấp), hiến máu sẽ làm mất thêm sắt, làm rụng tóc nặng hơn. Ngược lại, bổ sung sắt mới giúp mọc tóc. Chỉ hiến máu sau khi ferritin đã hồi phục (>70 ng/mL)."
"Tôi bị bệnh viêm cột sống dính khớp (Ankylosing Spondylitis) mức độ nhẹ, có hiến được không?","Nếu bệnh chỉ đau nhẹ, dùng NSAIDs (ibuprofen) không thường xuyên, không suy giảm vận động, không dùng thuốc sinh học (Anti-TNF), bạn vẫn có thể hiến máu. Nếu dùng Sulfasalazine liều thấp, vẫn chấp nhận."
Tại sao người bị bệnh xơ cứng bì (Scleroderma) không nên hiến máu?,"Xơ cứng bì có thể gây xơ phổi, suy thận, tăng huyết áp ác tính, và thiếu máu do tan máu (do kháng thể). Bệnh nhân dùng corticoid, ức chế miễn dịch. Họ không đủ tiêu chuẩn sức khỏe để hiến máu."
Vai trò của xét nghiệm Coombs trực tiếp (DAT) trong huyết học?,"Coombs trực tiếp phát hiện kháng thể hoặc bổ thể bám trên bề mặt hồng cầu. Dương tính trong tan máu tự miễn (AIHA), tan máu do thuốc, bệnh tan máu sơ sinh bất đồng Rh. Xét nghiệm này cần thiết trước khi truyền máu ở bệnh nhân có kháng thể lạ."
Hiến máu có làm giảm hiệu quả của thuốc tránh thai không?,Không. Thuốc tránh thai (hormone) có nồng độ ổn định trong máu không bị ảnh hưởng bởi việc mất một lượng máu nhỏ. Bạn dùng thuốc tránh thai vẫn hiến bình thường.
"Tôi bị bệnh viêm xương tủy (Osteomyelitis) mạn tính, có hiến được không?","Viêm xương tủy mạn do vi khuẩn (thường tụ cầu). Bệnh có thể có vi khuẩn trong máu thoáng qua (bacteremia), đặc biệt khi có đợt cấp. Bạn bị từ chối vĩnh viễn hoặc phải chờ sau điều trị khỏi hoàn toàn (phẫu thuật cắt lọc, kháng sinh dài hạn) ít nhất 2 năm."
Tại sao bệnh nhân bị bệnh hồng cầu hình liềm thể nhẹ (HbS + HbC) vẫn có triệu chứng?,"Thể bệnh SC (HbS + HbC) ít nặng hơn thể SS, nhưng vẫn gây tan máu, thiếu máu nhẹ, cơn đau, hoại tử xương, tắc mạch võng mạc. Họ không thể hiến máu. Họ có thể cần truyền máu khi khủng hoảng."
Vai trò của chỉ số Reticulocyte (hồng cầu lưới) trong đánh giá tạo máu?,"Hồng cầu lưới là hồng cầu non mới ra khỏi tủy xương. Số lượng cao (tăng reticulocyte) gặp trong tan máu, xuất huyết, hoặc đáp ứng với điều trị thiếu máu (bổ sung sắt, B12). Số lượng thấp gặp trong suy tủy, thiếu nguyên liệu (sắt, B12)."
Tại sao sau hiến máu tôi bị đau lưng?,"Đau lưng có thể do tư thế nằm không thoải mái (kê gối không đúng), co cứng cơ do căng thẳng, hoặc do bệnh lý cột sống sẵn có. Hiến máu không gây tổn thương thận hay cột sống. Nếu đau dữ dội kèm sốt, tiểu máu, cần loại trừ tan máu (hiếm)."
"Người bị bệnh Basedow đã cắt tuyến giáp, uống Levothyroxine, có hiến được không?","Sau cắt tuyến giáp, bạn không còn bệnh Basedow (cường giáp) nữa. Bạn chỉ đơn thuần suy giáp do cắt, dùng Levothyroxine. Điều này an toàn, bạn hoàn toàn có thể hiến máu."
"Tôi bị bệnh viêm não Nhật Bản, đã tiêm vắc xin, khi nào hiến?","Vắc xin viêm não Nhật Bản (JEV) là vắc xin bất hoạt, an toàn. Bạn có thể hiến máu ngay sau tiêm, không cần hoãn. Nếu bạn bị bệnh viêm não Nhật Bản thật sự (nhiễm virus hoang dại), phải hoãn ít nhất 12 tháng sau khỏi."
Hiến máu có giúp cải thiện tuần hoàn não không?,"Giảm độ nhớt máu nhờ giảm hồng cầu giúp máu lưu thông dễ dàng hơn trong vi mạch não, cải thiện cung cấp oxy. Nhưng tác dụng tạm thời (vài tuần). Không thay thế thuốc hoặc lối sống."
Vai trò của chỉ số HCT (Hematocrit) trong đánh giá độ đặc máu?,"Hematocrit (HCT) là tỷ lệ thể tích hồng cầu trong máu toàn phần. HCT bình thường nam 40-50%, nữ 36-44%. HCT thấp trong thiếu máu, HCT cao trong đa hồng cầu, mất nước. HCT được dùng để ước tính độ nhớt máu."
Tại sao tôi không nên uống cà phê đen ngay sau hiến máu?,"Cà phê lợi tiểu, có thể làm mất nước thêm, tăng nguy cơ tụt huyết áp. Nên uống nước lọc, nước điện giải, hoặc sữa (nếu không dị ứng) trước. Có thể uống cà phê sau khi đã uống đủ nước và ăn nhẹ 30 phút."
"Tôi bị bệnh viêm màng não do nấm (Cryptococcus), khi nào hiến?","Cryptococcus gây viêm màng não nặng ở bệnh nhân suy giảm miễn dịch (HIV, ghép tạng). Điều trị kéo dài (Fluconazole 6-12 tháng). Sau khi điều trị khỏi, cần hoãn hiến ít nhất 2 năm và có xét nghiệm kháng nguyên âm tính."
Bệnh nhân rối loạn lipid máu dùng statin có hiến được không?,"Hoàn toàn được. Statin (Atorvastatin, Rosuvastatin) không ảnh hưởng đến tế bào máu hay gây nguy hiểm cho người nhận. Bạn nên ăn ít dầu mỡ trước hiến, nhưng dùng statin không phải chống chỉ định."
Tại sao người bị bệnh bạch biến (Vitiligo) vẫn hiến máu bình thường?,"Bạch biến là bệnh tự miễn phá hủy tế bào sắc tố da, không ảnh hưởng đến máu, không lây. Bệnh nhân bạch biến không dùng thuốc ức chế miễn dịch toàn thân (trừ trường hợp nặng). Họ hoàn toàn có thể hiến máu."
Vai trò của xét nghiệm điện di hemoglobin (Hb electrophoresis),"Điện di hemoglobin giúp phát hiện các bất thường về cấu trúc globin: HbS (hồng cầu liềm), HbC, HbE, Hb Bart, HbH. Dùng để chẩn đoán Thalassemia, bệnh hồng cầu hình liềm. Cần thiết cho tư vấn di truyền."
Hiến máu có làm giảm trí nhớ tạm thời không?,"Không có bằng chứng. Não có cơ chế tự điều hòa lưu lượng máu (autoregulation), đảm bảo oxy cung cấp đủ ngay cả khi giảm thể tích nhẹ (10-15%). Một số người cảm thấy 'head fog' (mơ hồ) do mệt, không phải mất trí nhớ."
"Tôi bị bệnh viêm màng não do Leptospira (Weil), khi nào hiến?","Leptospira gây tổn thương gan, thận, xuất huyết. Sau khi điều trị khỏi (Doxycycline hoặc Penicillin), cần hoãn hiến ít nhất 12 tháng. Leptospira có thể tồn tại trong thận và thải qua nước tiểu, nhưng nguy cơ trong máu thấp sau 6 tháng."
Người bị bệnh Parkinson đang dùng Levodopa có hiến được không?,"Levodopa (L-DOPA) không ảnh hưởng máu. Bệnh nhân Parkinson giai đoạn nhẹ, tự chăm sóc được, sinh hoạt bình thường, có thể hiến máu. Nếu run nhiều, nhân viên y tế có thể khó lấy máu, nhưng không phải chống chỉ định."
Tại sao tôi bị chảy máu cam sau khi hiến máu?,"Chảy máu cam (epistaxis) có thể do huyết áp thay đổi, niêm mạc mũi khô (do mất nước), hoặc do cơ địa dễ chảy máu. Hiến máu không làm giảm tiểu cầu đủ để gây chảy máu cam. Nếu chảy máu cam kéo dài, cần kiểm tra bệnh lý đông máu."
Vai trò của chỉ số PDW (Platelet Distribution Width) trong xét nghiệm tiểu cầu?,"PDW phản ánh sự thay đổi kích thước tiểu cầu. PDW tăng trong các bệnh lý tăng sinh tiểu cầu (đa hồng cầu, bệnh lý tủy) hoặc tiểu cầu bị kích thích (viêm). PDW bình thường trong giảm tiểu cầu do suy tủy."
Hiến máu có giúp cải thiện tình trạng mệt mỏi do thiếu máu?,"Ngược lại. Nếu bạn đang mệt mỏi vì thiếu máu, hiến máu sẽ làm nặng thêm. Chỉ người khỏe mạnh (Hb bình thường) mới nên hiến. Hiến máu không phải là liệu pháp điều trị mệt mỏi."
"Tôi bị bệnh bạch cầu dòng lympho cấp (ALL) đã ghép tủy thành công 5 năm, có hiến được không?","Tuyệt đối không. Tiền sử bạch cầu cấp là chống chỉ định vĩnh viễn. Nguy cơ tái phát dù là rất nhỏ, và tế bào gốc ghép có thể mang bất thường. Bệnh nhân này không bao giờ được hiến máu."
"Vì sao trước khi lấy máu, nhân viên y tế sát trùng vùng da kỹ càng?","Để loại bỏ vi khuẩn trên da (tụ cầu, liên cầu), tránh nhiễm khuẩn túi máu trong quá trình lấy máu. Nhiễm khuẩn túi máu gây sốc nhiễm khuẩn cho người nhận. Sát trùng bằng cồn 70% hoặc Povidone-iodine, để khô tự nhiên (30 giây) rồi mới chọc kim."
"Tôi bị bệnh viêm màng não do Toxoplasma, khi nào hiến?","Toxoplasma (ký sinh trùng) gây viêm não ở bệnh nhân suy giảm miễn dịch. Điều trị bằng Pyrimethamine + Sulfadiazine. Sau khi khỏi, cần hoãn hiến ít nhất 2 năm. Toxoplasma có thể tồn tại dưới dạng bào nang trong cơ thể."
Vai trò của chỉ số MPV (Mean Platelet Volume) trong đánh giá chức năng tiểu cầu?,"MPV là kích thước trung bình của tiểu cầu. MPV cao gặp trong tiểu cầu non, hoạt động mạnh (nguy cơ huyết khối). MPV thấp gặp trong suy tủy, bệnh lý di truyền (Bernard-Soulier). Kết hợp với số lượng tiểu cầu để đánh giá."
Hiến máu có ảnh hưởng đến kỳ kinh nguyệt không?,"Hiến máu gần ngày dự kiến có kinh có thể làm kinh nguyệt đến muộn hơn vài ngày do thay đổi nội tiết nhẹ (stress, mất máu). Lượng máu kinh không thay đổi đáng kể. Nếu hiến ngay trong kỳ kinh, dễ bị thiếu máu."
Tại sao tôi bị ngứa toàn thân sau khi hiến máu không có mề đay?,"Ngứa toàn thân có thể do phản ứng histamin giải phóng từ bạch cầu ưa kiềm, nhưng chưa đủ để nổi mề đay. Cũng có thể do tâm lý (lo lắng), da khô (mất nước). Báo cho nhân viên y tế, dùng thuốc kháng histamin nếu cần."
Người bị bệnh mất trí nhớ (Alzheimer) có hiến máu được không?,"Bệnh Alzheimer là bệnh thoái hóa thần kinh, không lây. Tuy nhiên, bệnh nhân Alzheimer giai đoạn muộn thường nằm một chỗ, suy dinh dưỡng, thiếu máu, dùng nhiều thuốc an thần. Họ không đủ sức khỏe. Giai đoạn sớm, nếu còn minh mẫn, tự đi lại, có thể hiến, nhưng hiếm."
Vai trò của xét nghiệm kháng thể kháng tiểu cầu (anti-platelet antibody),"Phát hiện kháng thể chống tiểu cầu trong bệnh giảm tiểu cầu miễn dịch (ITP), giảm tiểu cầu do thuốc (HIT, thuốc quinin). Kháng thể gắn lên tiểu cầu, làm tiểu cầu bị phá hủy tại lách. Xét nghiệm giúp chẩn đoán nguyên nhân."
Hiến máu có giúp giảm nguy cơ bệnh gút?,"Acid uric tăng trong máu gây gút. Hiến máu làm giảm thể tích máu, nhưng nồng độ acid uric không giảm đáng kể. Một số nghiên cứu nhỏ cho thấy hiến máu định kỳ làm giảm nhẹ acid uric nhờ cơ thể sử dụng sắt? Chưa kết luận."
"Tôi bị bệnh viêm màng não do virus Herpes simplex (HSV), khi nào hiến?","Viêm màng não HSV cấp có thể có HSV trong máu (HSV viremia). Sau điều trị khỏi (Acyclovir 14-21 ngày), cần hoãn hiến ít nhất 12 tháng để tránh tái phát hoặc lây nhiễm tiềm ẩn."
Bệnh nhân đang chạy thận nhân tạo có được làm xét nghiệm nhóm máu để dự phòng?,"Được. Bệnh nhân suy thận mạn cần xác định nhóm máu để đề phòng truyền máu khi cấp cứu. Tuy nhiên, họ không thể hiến máu. Xét nghiệm chỉ lấy 2-3 ml máu, an toàn."
Vai trò của chỉ số PCT (Platelet Crit) trong xét nghiệm tiểu cầu?,"PCT = số lượng tiểu cầu x MPV, tương tự như HCT cho hồng cầu. PCT phản ánh khối lượng tiểu cầu toàn phần. PCT cao trong đa hồng cầu, bệnh lý tăng sinh tủy. PCT thấp trong suy tủy, giảm tiểu cầu."
Hiến máu có làm giảm ham muốn tình dục không?,"Không có bằng chứng. Ham muốn tình dục liên quan đến nội tiết tố (testosterone, estrogen) và tâm lý. Hiến máu gây mệt nhẹ tạm thời, nhưng không ảnh hưởng nội tiết. Sau vài ngày, mọi thứ bình thường."
Tại sao vết bầm sau hiến máu đôi khi có cục cứng?,"Cục cứng là máu tụ đông lại trong mô, tạo thành khối fibrin. Đây là phản ứng bình thường của cơ thể để cầm máu. Cục sẽ tan dần trong 2-4 tuần. Chườm ấm giúp tăng tuần hoàn và tiêu cục máu tụ nhanh hơn."
Vai trò của chỉ số sắt huyết thanh (Serum Iron) trong chẩn đoán?,"Sắt huyết thanh phản ánh lượng sắt gắn với transferrin. Nó dao động mạnh theo bữa ăn, thuốc, viêm. Sắt thấp gợi ý thiếu sắt, nhưng thiếu sắt muộn mới thấy sắt thấp. Ferritin và TIBC nhạy hơn."
"Tôi bị bệnh viêm màng não do vi khuẩn Listeria, khi nào hiến?","Listeria gây viêm màng não ở trẻ sơ sinh, người già, suy giảm miễn dịch. Điều trị bằng Ampicillin + Gentamicin. Sau khi khỏi, cần hoãn hiến ít nhất 12 tháng."
Người bị hội chứng Down có hiến máu được không?,"Người hội chứng Down thường có suy giáp, bệnh tim bẩm sinh (thông liên thất), suy giảm miễn dịch nhẹ, và nguy cơ bạch cầu cấp tăng. Nếu không có bệnh lý gì đặc biệt, không dùng thuốc ức chế miễn dịch, họ vẫn có thể hiến máu, nhưng thường bị từ chối do bệnh nền."
Vai trò của chỉ số LDH (Lactate Dehydrogenase) trong tan máu?,"LDH là enzyme nội bào, tăng cao khi hồng cầu bị phá hủy (tan máu). LDH tăng gấp 2-3 lần bình thường gặp trong tan máu nội mạch (sốt rét, truyền nhầm nhóm máu, bệnh hồng cầu liềm). Kết hợp với haptoglobin thấp, bilirubin gián tiếp tăng."
Hiến máu có ảnh hưởng đến khả năng bay của phi công không?,"Phi công phải có sức khỏe tuyệt đối, không chóng mặt. Sau hiến máu, thể tích máu giảm nhẹ, oxy hóa não giảm tạm thời, ảnh hưởng đến phản xạ. Hầu hết các hãng hàng không yêu cầu phi công không hiến máu ít nhất 48-72 giờ trước chuyến bay."
"Tôi bị bệnh viêm màng não do nấm Coccidioides, khi nào hiến?","Coccidioidomycosis gây viêm màng não nặng ở miền Tây Nam Hoa Kỳ. Điều trị kháng nấm kéo dài (Fluconazole ít nhất 1 năm). Sau khi khỏi, hoãn hiến ít nhất 2 năm."
Vai trò của chỉ số Bilirubin gián tiếp (unconjugated) trong bệnh lý?,"Bilirubin gián tiếp (bilirubin tự do) tăng trong tan máu, bệnh Gilbert (tăng nhẹ), bất đồng Rh sơ sinh. Nó không tan trong nước, độc với não trẻ sơ sinh (kernicterus). Xét nghiệm giúp phân biệt vàng da do tan máu hay do gan."
Hiến máu có làm tăng nguy cơ nhiễm trùng không?,"Không. Hiến máu với dụng cụ vô trùng tuyệt đối không làm tăng nguy cơ nhiễm trùng. Trái lại, việc mất bạch cầu rất nhỏ (khoảng 0.5-1% tổng số) không ảnh hưởng đến hệ miễn dịch. Bạn không dễ bị bệnh hơn."
Tại sao tôi bị mờ mắt sau hiến máu?,"Mờ mắt tạm thời do thiếu oxy võng mạc khi huyết áp tụt nhẹ. Triệu chứng thường kèm hoa mắt, chóng mặt. Nằm nghỉ, uống nước, ăn bánh sẽ cải thiện sau 5-10 phút. Nếu kéo dài, cần khám bác sĩ mắt (hiếm)."
Vai trò của chỉ số MCH (Mean Corpuscular Hemoglobin) khác gì MCHC?,"MCH là lượng hemoglobin trung bình trong mỗi hồng cầu (tính bằng picogram). MCHC là nồng độ hemoglobin trên thể tích hồng cầu (tính bằng %). MCH thấp trong thiếu máu nhược sắc (thiếu sắt), MCH bình thường trong thiếu máu đẳng sắc (thiếu máu bệnh mạn)."
"Tôi bị bệnh viêm màng não do amip (Naegleria fowleri), khi nào hiến?","Naegleria gây viêm não - màng não hủy hoại, thường tử vong trong vòng 1 tuần. Rất hiếm gặp. Nếu may mắn sống sót (điều trị Amphotericin B), bạn sẽ có di chứng thần kinh nặng nề, không thể hiến máu."
"Người bị bệnh Basedow sau điều trị phóng xạ I-131 10 năm, khi nào hiến?","Tuyệt đối không được hiến trọn đời. I-131 phóng xạ, một phần vẫn tồn tại trong cơ thể (tuyến giáp và mô mỡ). Máu của bạn có thể có phóng xạ dù rất nhỏ, gây nguy cơ ung thư cho người nhận."
Vai trò của xét nghiệm kháng thể kháng hồng cầu (anti-RBC antibody),"Phát hiện kháng thể chống hồng cầu tự miễn (ái lạnh, ái ấm) giúp chẩn đoán bệnh tan máu tự miễn. Các kháng thể này có thể gây khó khăn cho phản ứng chéo (cross-match) và định nhóm máu."
Hiến máu có giúp cơ thể thải độc tố không?,"Không. Cơ thể có gan, thận, phổi, da để thải độc. Mất máu không 'thải độc' mà chỉ thải sắt. Quan niệm hiến máu giúp thải độc là sai lầm."
Tại sao tôi bị ù tai sau khi hiến máu?,"Ù tai tạm thời do thay đổi lưu lượng máu đến ốc tai, thường do tụt huyết áp nhẹ, căng thẳng, hoặc mất nước. Uống nước và nghỉ ngơi, hết trong vài giờ."
Vai trò của chỉ số Hồng cầu lưới chưa trưởng thành (IRF),"IRF (Immature Reticulocyte Fraction) là tỷ lệ hồng cầu lưới non nhất trong tổng số hồng cầu lưới. IRF tăng sớm trong đáp ứng tạo máu (xuất huyết, tan máu) trước khi hồng cầu lưới tăng. Giúp đánh giá sớm chức năng tủy."
Hiến máu có làm giảm tác dụng của thuốc chống đông (Warfarin) không?,"Bệnh nhân dùng Warfarin bị chống chỉ định hiến máu vì nguy cơ chảy máu. Nếu bạn dùng Warfarin, cơ thể không thể cầm máu tại vết chọc kim, nguy hiểm. Hãy ngừng thuốc (nếu được bác sĩ cho phép) và chờ INR về bình thường mới hiến, nhưng hiếm."
"Tôi bị bệnh viêm màng não do Rickettsia (sốt mò), khi nào hiến?","Sốt mò do Orientia tsutsugamushi. Điều trị Doxycycline. Sau khỏi, cần hoãn hiến ít nhất 12 tháng. Rickettsia có thể tồn tại trong mạch máu 6-12 tháng."
Vai trò của chỉ số Bạch cầu non (Band neutrophil) trong nhiễm trùng?,"Bạch cầu non (band) là dạng chưa trưởng thành của bạch cầu trung tính, xuất hiện trong máu khi nhiễm trùng nặng (viêm ruột thừa, viêm phổi). Tăng band (shift to the left) là dấu hiệu nhiễm khuẩn cấp, tủy xương đang huy động bạch cầu non."
Hiến máu có gây ra hiện tượng nghiện (phụ thuộc) không?,"Không có bằng chứng nghiện sinh học. Tuy nhiên, một số người nghiện 'cảm giác được khen thưởng, được công nhận' (nghiện tâm lý), hoặc nghiện cảm giác nhẹ nhõm sau hiến (do endorphin). Đây không phải nghiện bệnh lý."
Tại sao mạch của tôi đập nhanh hơn sau hiến máu?,"Tim đập nhanh (tachycardia) là phản xạ bù trừ khi thể tích máu giảm, tim phải bơm nhanh hơn để duy trì huyết áp. Nhịp tim có thể tăng 10-20 nhịp/phút trong vài giờ, sau đó ổn định. Nếu tim đập nhanh kéo dài, hãy báo bác sĩ."
Vai trò của chỉ số Kháng thể kháng nhân (ANA) trong bệnh lý tự miễn?,"ANA dương tính gặp trong lupus, xơ cứng bì, viêm khớp dạng thấp. Xét nghiệm này không liên quan đến hiến máu, nhưng bệnh nhân tự miễn thường bị loại khỏi danh sách hiến."
"Tôi bị bệnh viêm màng não do giun lươn (Strongyloides), khi nào hiến?","Strongyloides có thể nhiễm bệnh kéo dài nhiều năm (auto-infection). Sau điều trị Ivermectin, cần hoãn hiến ít nhất 2 năm và xét nghiệm âm tính. Nhiễm Strongyloides có thể gây nhiễm trùng huyết ở người suy giảm miễn dịch."
Hiến máu có ảnh hưởng đến kết quả xét nghiệm HIV sau này không?,"Không. Hiến máu không làm thay đổi tình trạng HIV. Tuy nhiên, nếu bạn có hành vi nguy cơ, đừng hiến máu để xét nghiệm (vì thời kỳ cửa sổ). Xét nghiệm HIV nên thực hiện tại cơ sở y tế chuyên trách, không lợi dụng hiến máu."
Tại sao vết kim hiến máu đôi khi bị nhiễm trùng?,"Nhiễm trùng tại chỗ (viêm mô tế bào) cực kỳ hiếm (1/100.000 ca). Nguyên nhân do vô trùng không tuyệt đối, hoặc do người hiến tự chạm tay bẩn vào vết thương sau khi rút kim. Biểu hiện sưng đỏ, đau, nóng, sốt. Cần dùng kháng sinh. Hãy bảo vệ vết kim bằng băng sạch ít nhất 4 giờ."
Vai trò của chỉ số D-Dimer trong huyết khối,"D-Dimer là sản phẩm phân hủy fibrin, tăng khi có huyết khối (huyết khối tĩnh mạch sâu, thuyên tắc phổi) hoặc sau mổ, có thai, viêm. D-Dimer bình thường có giá trị loại trừ huyết khối (độ nhạy cao)."
Hiến máu có giúp kéo dài tuổi thọ không?,"Nhiều nghiên cứu cho thấy người hiến máu thường xuyên (nam giới) sống lâu hơn trung bình 1-2 năm, nhờ giảm sắt dự trữ, giảm stress oxy hóa. Tuy nhiên, cần phân biệt: người hiến máu thường khỏe mạnh hơn quần thể chung, có ý thức chăm sóc sức khỏe. Chưa thể kết luận hiến máu trực tiếp kéo dài tuổi thọ."
"Tôi bị bệnh viêm màng não do Adenovirus, khi nào hiến?","Adenovirus gây viêm màng não hiếm gặp, thường tự khỏi. Sau khi hết triệu chứng (sốt, đau đầu, cứng cổ) 2-4 tuần, bạn có thể hiến máu. Virus đào thải nhanh."
Người bị rối loạn nhịp tim (nhịp chậm xoang) dùng Atropine có hiến được không?,"Nhịp chậm xoang (40-50 lần/phút) không triệu chứng là bình thường ở vận động viên. Nếu bạn dùng Atropine để tăng nhịp (bệnh lý nút xoang), bạn có bệnh tim, không nên hiến máu vì nguy cơ tụt huyết áp khi mất máu."
Vai trò của chỉ số Fibrinogen trong đông máu?,"Fibrinogen (yếu tố I) là protein hòa tan, dưới tác động của thrombin sẽ chuyển thành fibrin (sợi không tan) tạo lưới cho cục máu đông. Fibrinogen thấp gây chảy máu (bệnh gan, DIC). Fibrinogen cao gây tăng đông (nguy cơ huyết khối)."
Hiến máu có ảnh hưởng đến sự phát triển chiều cao của trẻ vị thành niên?,"Trẻ em dưới 18 tuổi không được hiến máu ở hầu hết các quốc gia. Ở tuổi 17-18, nếu được phép, hiến máu không ảnh hưởng đến chiều cao vì chiều cao chủ yếu do di truyền và dinh dưỡng. Nhưng trẻ có thể bị thiếu máu ảnh hưởng học tập và phát triển."
Tại sao tôi bị đau đầu dữ dội 2 ngày sau khi hiến máu?,"Đau đầu dữ dội kéo dài không bình thường. Có thể do bạn bị mất nước nặng, hoặc có bệnh lý mới khởi phát (cảm cúm, viêm xoang, tăng huyết áp). Nếu đau dữ dội, buồn nôn, nhìn mờ, hãy đi khám ngay."
Vai trò của xét nghiệm Protrombin time (PT/INR),"PT/INR đánh giá đường ngoại sinh của quá trình đông máu (yếu tố VII, X, V, II, fibrinogen). Kéo dài trong bệnh gan, thiếu vitamin K, dùng thuốc chống đông (Warfarin). PT bình thường 11-13.5 giây, INR mục tiêu 2-3 cho bệnh nhân dùng Warfarin."
"Tôi bị bệnh viêm màng não do ECHO virus, khi nào hiến?","ECHO virus thường gây bệnh nhẹ (sốt, phát ban, viêm màng não vô khuẩn). Sau khỏi 1 tháng, bạn có thể hiến máu. Vi rút đào thải qua phân trong 2-4 tuần, viremia ngắn."
"Tôi bị hội chứng HELLP khi mang thai, về sau có ảnh hưởng gì đến việc hiến máu không?","Hội chứng HELLP (tan máu, men gan cao, tiểu cầu thấp) thường tự khỏi sau sinh. Nếu sau 6-12 tháng, các chỉ số hồi phục hoàn toàn (tiểu cầu > 150 G/L, men gan bình thường, không tan máu), bạn có thể hiến máu bình thường. Tuy nhiên, nếu bệnh nặng để lại di chứng suy thận hoặc tăng huyết áp mạn, bạn sẽ không được hiến."
Tại sao bệnh nhân bị rối loạn chuyển hóa porphyrin (Porphyria) không được hiến máu?,"Porphyria là bệnh do thiếu hụt enzyme trong tổng hợp heme, dẫn đến tích tụ porphyrin độc. Hiến máu có thể gây ra cơn kịch phát (đau bụng, liệt, rối loạn tâm thần) do cơ thể bị stress mất máu và huy động dự trữ heme. Bệnh nhân porphyria bị chống chỉ định vĩnh viễn."
Vai trò của chỉ số APTT (Activated Partial Thromboplastin Time) là gì?,"APTT đánh giá đường nội sinh và chung của đông máu (các yếu tố XII, XI, IX, VIII, X, V, II, fibrinogen). APTT kéo dài trong bệnh Hemophilia (thiếu yếu tố VIII hoặc IX), thiếu yếu tố XI, hoặc do kháng thể kháng phospholipid. Dùng heparin cũng kéo dài APTT."
Hiến máu có giúp giảm các cơn đau nửa đầu (Migraine) không?,"Một số bệnh nhân migraine có nồng độ sắt cao bất thường trong não. Hiến máu giảm sắt toàn thân có thể giảm tần suất cơn đau (nghiên cứu nhỏ). Tuy nhiên, hiến máu cũng có thể gây mất nước, hạ đường huyết, làm khởi phát cơn đau ở người nhạy cảm. Tác dụng không rõ ràng."
Tôi bị bệnh u hạt mủ mạn tính (Chronic Granulomatous Disease) có hiến được không?,"CGD là bệnh di truyền, bạch cầu không thể tiêu diệt vi khuẩn, dẫn đến nhiễm trùng tái phát. Bệnh nhân suy giảm miễn dịch nặng, thường xuyên bị viêm, áp-xe. Họ không bao giờ được hiến máu và cũng thường xuyên cần truyền máu, kháng sinh."
Tại sao tôi bị đau cơ sau khi hiến máu?,"Đau cơ có thể do mất nước gây rối loạn điện giải (hạ kali, hạ magie), cơ bị co cứng. Hoặc do bạn nằm yên quá lâu (60-90 phút nếu hiến tiểu cầu) làm cơ bị mỏi. Uống nước điện giải, xoa bóp nhẹ, vận động nhẹ nhàng sẽ hết sau 1-2 ngày."
Người bị bệnh loạn dưỡng cơ (Muscular Dystrophy) có hiến máu được không?,"Loạn dưỡng cơ Duchenne (DMD) là bệnh di truyền thoái hóa cơ, suy tim, suy hô hấp. Bệnh nhân thường dùng Corticoid (Prednisone) kéo dài, suy yếu, không đủ sức khỏe. Họ không thể hiến máu. Các thể nhẹ (Becker) nếu không suy tim, có thể được xem xét nhưng hiếm."
Vai trò của chỉ số ATIII (Antithrombin III) trong chống đông tự nhiên,"ATIII là chất ức chế tự nhiên thrombin và yếu tố Xa. Thiếu ATIII (di truyền hoặc mắc phải) gây tăng nguy cơ huyết khối tĩnh mạch, đặc biệt khi có thai, phẫu thuật. Xét nghiệm ATIII giúp chẩn đoán nguyên nhân huyết khối tái phát."
Hiến máu có làm thuyên giảm bệnh vẩy nến (Psoriasis) không?,"Không có bằng chứng. Vẩy nến là bệnh tự miễn qua trung gian tế bào T. Hiến máu không ảnh hưởng đến các tế bào lympho T gây bệnh. Tuy nhiên, một số bệnh nhân cảm thấy đỡ hơn do giảm stress (cảm giác hạnh phúc). Đây chỉ là cảm giác chủ quan."
Tại sao tôi bị buồn nôn nhưng không nôn sau hiến máu?,"Buồn nôn là phản ứng phó giao cảm nhẹ (vagal response) kèm theo tụt huyết áp, da nhợt, vã mồ hôi. Đây là dạng nhẹ của choáng. Nằm nghỉ, kê cao chân, uống nước đường, thở sâu. Sẽ hết sau 10-15 phút, không cần dùng thuốc."
Tôi bị bệnh thiếu hụt alpha-1 antitrypsin (AATD) có hiến được không?,"AATD gây bệnh phổi tắc nghẽn mạn tính (COPD) và bệnh gan. Nếu bệnh nhẹ, chưa suy hô hấp, không suy gan, không dùng thuốc ức chế miễn dịch, bạn có thể hiến máu. Tuy nhiên, thường bệnh nhân AATD có tuổi thọ thấp và nhiều bệnh kèm, ít khi đủ tiêu chuẩn."
Vai trò của chỉ số Protein C và Protein S trong chống đông,"Protein C và Protein S là các chất ức chế đông máu tự nhiên, phụ thuộc vitamin K. Thiếu Protein C hoặc S (di truyền) làm tăng nguy cơ huyết khối (hoại tử da do warfarin, huyết khối tĩnh mạch). Xét nghiệm giúp chẩn đoán bệnh lý tăng đông."
Hiến máu có ảnh hưởng đến thai nhi nếu tôi đang mang thai?,"Phụ nữ mang thai tuyệt đối không được hiến máu vì ảnh hưởng đến cả mẹ và thai: giảm thể tích tuần hoàn có thể gây suy thai, thiếu máu ở mẹ ảnh hưởng sự phát triển của thai, và sảy thai. Hãy đợi đến sau khi sinh và cai sữa ít nhất 9-12 tháng."
Tại sao vết bầm sau hiến máu kéo dài hơn 2 tuần?,"Bầm kéo dài >2 tuần có thể do: 1) Bạn bị rối loạn đông máu nhẹ (thiếu yếu tố VIII, bệnh Von Willebrand thể nhẹ). 2) Bạn dùng thuốc chống đông hoặc thuốc kháng viêm (Aspirin, Ibuprofen) trước hiến. 3) Bạn bị thiếu vitamin C (scurvy) hoặc bệnh lý mạch máu. Nên đi khám huyết học."
Tôi bị bệnh viêm đường mật xơ hóa nguyên phát (PSC) có hiến được không?,"PSC là bệnh viêm đường mật mạn, tiến triển xơ gan, vàng da, thiếu máu, rối loạn đông máu. Bệnh nhân PSC không được hiến máu vì suy gan, nguy cơ chảy máu, và có thể có kháng thể bất thường trong máu. Họ cũng dùng thuốc ức chế miễn dịch."
Người bị hội chứng Klinefelter (XXY) có hiến máu được không?,"Hội chứng Klinefelter (nam có 2 nhiễm sắc thể X) thường có tinh hoàn nhỏ, vô sinh, suy giáp, bệnh lý tự miễn (lupus), loãng xương, và nguy cơ ung thư vú. Nếu không có bệnh lý nặng, tim mạch ổn, không dùng testosterone liều cao? Họ vẫn có thể hiến máu, nhưng cần bác sĩ đánh giá."
Vai trò của xét nghiệm kháng thể kháng cardiolipin (aCL) trong hội chứng kháng phospholipid,"aCL là kháng thể gây hội chứng kháng phospholipid (APS), làm tăng nguy cơ huyết khối động mạch/tĩnh mạch, sảy thai liên tiếp. Người có aCL dương tính thường không được hiến máu vì kháng thể có thể gây hại cho người nhận (gây huyết khối)."
Hiến máu có giúp cải thiện bệnh trứng cá đỏ (Rosacea) không?,"Không có bằng chứng. Trứng cá đỏ liên quan đến viêm mạch, sự hiện diện của vi khuẩn Demodex, và tăng sinh mạch máu. Hiến máu không ảnh hưởng các yếu tố này. Một số người thấy đỡ hơn do giảm stress (tác dụng tâm lý)."
Tại sao tôi bị co giật nhẹ (giật cơ) sau hiến máu?,"Giật cơ nhẹ (myoclonic jerk) có thể do mất cân bằng điện giải (hạ canxi, hạ magie), đặc biệt khi hiến tiểu cầu (citrate gắn canxi). Uống sữa hoặc viên canxi, bổ sung magie. Nếu co giật toàn thân, mất ý thức, cần cấp cứu (hiếm, có thể do bệnh động kinh ẩn bị kích hoạt)."
"Tôi bị bệnh u mỡ màng não (Meningioma) đã mổ, có hiến được không?","U màng não là u lành tính, không di căn qua đường máu. Nếu đã phẫu thuật cắt bỏ hoàn toàn > 5 năm, không tái phát, không di chứng thần kinh, không dùng thuốc chống động kinh (Phenytoin, Carbamazepine) liều cao, bạn có thể hiến máu. Nhiều trung tâm vẫn từ chối vì tiền sử u não."
Vai trò của chỉ số Homocysteine trong bệnh lý huyết khối,"Homocysteine cao (>15 μmol/L) làm tăng nguy cơ huyết khối động mạch (nhồi máu cơ tim, đột quỵ) và tĩnh mạch. Nguyên nhân do thiếu vitamin B12, folate, hoặc đột biến gen MTHFR. Bổ sung vitamin B giúp giảm homocysteine, nhưng không rõ có giảm nguy cơ huyết khối không."
Hiến máu có làm giảm triệu chứng của bệnh đa hồng cầu (Polycythemia vera) không?,"Đa hồng cầu vera được điều trị bằng trích máu (phlebotomy) để hạ hematocrit <45%. Tuy nhiên, máu trích ra không được dùng để truyền cho người khác vì bệnh nhân có thể có đột biến JAK2, hồng cầu bất thường. Họ chỉ được trích máu điều trị, không phải hiến tình nguyện."
Tại sao tôi bị ho sau khi hiến máu?,"Ho có thể do cơ thể mất nước làm khô niêm mạc đường hô hấp, kích thích ho. Hoặc do bạn bị nhiễm virus hô hấp từ những người xung quanh tại điểm hiến máu (nguy cơ lây nhiễm chéo). Ho kèm sốt, khó thở sau 1-2 ngày cần đi khám. Uống nước ấm, súc miệng nước muối."
"Tôi bị bệnh thiếu hụt men Biotinidase, có hiến được không?","Thiếu hụt Biotinidase là bệnh chuyển hóa di truyền hiếm, nếu không được điều trị bằng Biotin sẽ dẫn đến co giật, chậm phát triển. Bệnh nhân đã được điều trị ổn định, sức khỏe bình thường. Họ có thể hiến máu. Biotin bổ sung không ảnh hưởng đến người nhận máu."
Vai trò của chỉ số Yếu tố VIII (Factor VIII) trong bệnh Hemophilia A,"Hemophilia A do thiếu yếu tố VIII (FVIII). Xét nghiệm FVIII giúp chẩn đoán và phân loại mức độ nặng (<1%: nặng, 1-5%: trung bình, 5-40%: nhẹ). Điều trị bằng truyền FVIII tinh khiết hoặc tái tổ hợp. Người bệnh Hemophilia A không được hiến máu."
Hiến máu có giúp cải thiện bệnh xơ cứng rải rác (MS) không?,"Không. Bệnh MS là bệnh tự miễn hủy myelin thần kinh trung ương. Hiến máu không ảnh hưởng đến quá trình bệnh. Bệnh nhân MS thường dùng thuốc ức chế miễn dịch (Interferon, Natalizumab, Ocrelizumab) → chống chỉ định hiến máu. Nếu không dùng thuốc và bệnh ổn định, một số trung tâm cho phép."
Tại sao tôi bị ngứa mũi sau khi hiến máu?,"Ngứa mũi có thể do niêm mạc mũi bị khô (mất nước), hoặc do phản ứng dị ứng chéo nhẹ với dung dịch sát khuẩn (cồn, iod) bay hơi. Cũng có thể do tăng tiết histamin nội sinh. Không nguy hiểm, uống nước, xịt nước muối sinh lý."
"Tôi bị bệnh u lympho tế bào B lớn lan tỏa (DLBCL) đã hóa trị khỏi 10 năm, có hiến được không?","Tuyệt đối không. Tiền sử ung thư hạch ác tính (dù đã khỏi 10 năm) là chống chỉ định vĩnh viễn vì nguy cơ tế bào ung thư tiềm ẩn trong máu, và hóa trị có thể gây đột biến tế bào gốc. Bạn không bao giờ được hiến máu."
Vai trò của chỉ số Kháng thể kháng yếu tố VIII (inhibitor) trong Hemophilia,"Inhibitor là kháng thể trung hòa yếu tố VIII (FVIII) xuất hiện ở 30% bệnh nhân Hemophilia A nặng sau khi điều trị. Inhibitor làm cho điều trị FVIII thất bại, cần dùng thuốc bypass (FEIBA, NovoSeven). Đây là biến chứng nặng của Hemophilia."
Hiến máu có ảnh hưởng đến khả năng tập luyện thể hình (bodybuilding) không?,"Hiến máu làm giảm hồng cầu, giảm khả năng vận chuyển oxy, giảm sức bền và sức mạnh trong 2-4 tuần. Nếu bạn tập thể hình để thi đấu, hãy hiến sau khi thi đấu. Nếu tập nghiệp dư, nghỉ 48-72 giờ, uống bổ sung sắt và protein, bạn có thể tập lại bình thường."
Tại sao tôi bị chảy máu chân răng sau khi hiến máu?,"Chảy máu chân răng không liên quan trực tiếp đến hiến máu (trừ khi bạn bị giảm tiểu cầu nặng, rất hiếm). Nguyên nhân thường do viêm nha chu (viêm lợi) từ trước. Hiến máu gây mất nước làm khô miệng, khiến lợi dễ chảy máu hơn. Hãy vệ sinh răng miệng, uống đủ nước."
"Tôi bị bệnh loạn sản tủy (MDS) thể nhẹ, có hiến được không?","MDS (Myelodysplastic syndrome) là bệnh lý tiền ung thư máu, tủy xương sản xuất hồng cầu, bạch cầu, tiểu cầu bất thường, dễ tiến triển thành bạch cầu cấp. Bệnh nhân MDS tuyệt đối không được hiến máu. Họ thường cần truyền máu định kỳ."
Vai trò của chỉ số Lực cắt (Shear stress) trong bệnh lý hồng cầu liềm,"Hồng cầu liềm (HbS) bị vỡ hoặc biến dạng khi dòng máu có lực cắt cao (ở mao mạch). Lực cắt cao ở các cơ quan (lách, thận, não) gây tắc mạch, đau, hoại tử. Nghiên cứu lực cắt giúp chẩn đoán mức độ nặng và thiết kế thuốc điều trị."
Hiến máu có giúp cơ thể sản sinh tế bào gốc nhiều hơn không?,"Hiến máu kích thích tủy xương tăng sinh hồng cầu, nhưng không làm tăng số lượng tế bào gốc CD34+ trong máu ngoại vi (loại dùng để ghép). Muốn tăng tế bào gốc ngoại vi, cần tiêm thuốc kích thích (G-CSF)."
Tại sao tôi bị lạnh run và sốt sau khi hiến máu 6 giờ?,"Sốt muộn sau 6 giờ có thể do phản ứng sốc nhiễm khuẩn (bắt đầu của nhiễm trùng túi máu? Nhưng bạn là người hiến, không phải người nhận). Thực tế, sốt có thể do bạn bị nhiễm virus (cảm cúm) trùng hợp. Nếu sốt >38.5°C kèm ớn lạnh, hãy đi khám để loại trừ nhiễm trùng huyết."
"Tôi bị bệnh xơ nang (Cystic Fibrosis) thể nhẹ, có hiến được không?","Xơ nang (CF) là bệnh di truyền rối loạn điện giải, ảnh hưởng phổi, tụy, gan. Bệnh nhân CF thường suy dinh dưỡng, thiếu vitamin, nhiễm trùng phổi mạn, và dùng kháng sinh liên tục. Họ không đủ sức khỏe để hiến máu. Thể nhẹ ở người lớn rất hiếm."
Vai trò của chỉ số Thời gian đông máu (Clotting time),"Thời gian đông máu (CT) là xét nghiệm cổ điển, đo thời gian máu toàn phần đông trong ống nghiệm (thường 5-10 phút). Ngày nay ít dùng vì kém chính xác. Kéo dài trong Hemophilia nặng, thiếu fibrinogen, hoặc dùng thuốc chống đông liều cao."
Hiến máu có làm giảm trí thông minh (IQ) không?,Hoàn toàn không. Não được bảo vệ bởi cơ chế tự điều hòa lưu lượng máu não. Thiếu máu nhẹ (Hb giảm 10%) không ảnh hưởng đến chức năng nhận thức ở người khỏe mạnh. Chỉ thiếu máu nặng (Hb <70) mới ảnh hưởng đến tập trung.
Tại sao tôi bị xuất huyết dưới kết mạc mắt (mắt đỏ) sau hiến máu?,"Xuất huyết dưới kết mạc là vỡ mao mạch mắt do tăng áp lực tĩnh mạch khi bạn rặn, ho, hoặc nôn. Trong quá trình lấy máu, bạn có thể vô thức nín thở hoặc căng cơ. Tình trạng này lành tính, tự hết trong 1-2 tuần. Không liên quan đến rối loạn đông máu."
"Tôi bị bệnh thiếu hụt yếu tố XIII (Factor XIII deficiency), có hiến được không?","Thiếu yếu tố XIII hiếm gặp, gây chảy máu rốn rụng chậm, chảy máu não ở trẻ sơ sinh. Bệnh nhân cần truyền tủa lạnh hoặc yếu tố XIII. Họ không được hiến máu vì nguy cơ chảy máu khi lấy kim và máu thiếu yếu tố XIII."
Vai trò của chỉ số Thời gian Thromboplastin một phần (PTT),"PTT giống APTT, đo đường nội sinh. Thường dùng để theo dõi heparin. PTT kéo dài trong Hemophilia, thiếu yếu tố XI, XII, hoặc có kháng thể lupus (lupus anticoagulant). Bình thường 25-35 giây, tùy thuốc thử."
Hiến máu có ảnh hưởng đến kinh nguyệt ở tuổi dậy thì không?,"Trẻ em gái vị thành niên (dưới 18) không được hiến máu. Ở tuổi 18, nếu kinh nguyệt đều đặn, hiến máu có thể gây rối loạn nhẹ (chậm kinh 1-2 tuần) do thay đổi nội tiết do stress và mất máu. Nên hiến sau khi kết thúc kỳ kinh 7-10 ngày để tránh ảnh hưởng."
Tại sao tôi bị mất ngủ kèm ác mộng sau hiến máu?,"Ác mộng có thể do lo lắng tiềm thức về việc nhìn thấy máu, kim tiêm, hoặc sợ đau. Mất ngủ do thay đổi nhịp sinh học sau khi cơ thể căng thẳng. Thực hành thư giãn, thiền, nghe nhạc nhẹ trước khi ngủ. Hiện tượng sẽ hết sau 2-3 ngày."
"Tôi bị bệnh viêm mạch (Vasculitis) dạng Henoch-Schönlein, đã khỏi, có hiến được không?","Henoch-Schönlein purpura (viêm mạch IgA) thường tự khỏi ở trẻ em, nhưng có thể tái phát. Ở người lớn, bệnh nặng hơn, có thể ảnh hưởng thận. Nếu đã khỏi hoàn toàn > 2 năm, không có protein niệu, không dùng corticoid, bạn có thể hiến máu. Nhiều trung tâm vẫn thận trọng từ chối."
Vai trò của chỉ số Ethanol gel test trong chẩn đoán DIC,"Ethanol gel test phát hiện phức hợp fibrin monomer (có trong DIC - đông máu rải rác nội mạch). Cho ethanol vào huyết tương, nếu có fibrin monomer sẽ tạo gel. Thử nghiệm nhanh, nhưng độ nhạy thấp, ngày nay ít dùng, thay bằng D-Dimer và các xét nghiệm đông máu khác."
Hiến máu có giúp da hết mụn trứng cá không?,"Không. Mụn trứng cá do vi khuẩn P. acnes, tăng tiết bã nhờn, và viêm. Hiến máu không ảnh hưởng đến các yếu tố này. Một số người thấy đỡ mụn do giảm stress (vui vẻ sau hiến), nhưng không có cơ sở khoa học."
Tại sao vết kim tiêm để lại sẹo lồi (keloid) ở tôi?,"Sẹo lồi do cơ địa sản sinh quá mức collagen khi lành vết thương. Không phải lỗi của nhân viên y tế. Nếu bạn có cơ địa sẹo lồi, hãy thông báo trước. Sau hiến, bôi kem chống sẹo silic, tránh nắng, có thể tiêm corticoid tại chỗ nếu sẹo to."
"Tôi bị bệnh giảm tiểu cầu do thuốc (Heparin-induced thrombocytopenia - HIT) đã khỏi, có hiến được không?","HIT xảy ra khi dùng heparin, gây giảm tiểu cầu và huyết khối nguy hiểm. Sau khi ngừng heparin, tiểu cầu hồi phục trong 4-7 ngày. Tuy nhiên, kháng thể HIT có thể tồn tại 50-80 ngày. Bạn cần hoãn hiến ít nhất 3 tháng sau khi tiểu cầu bình thường và không còn kháng thể."
Vai trò của xét nghiệm TEG (Thromboelastography),"TEG đánh giá toàn bộ quá trình đông máu (từ hình thành cục đến tiêu fibrin). Dùng trong phẫu thuật tim, cấp cứu đa chấn thương, sản khoa để hướng dẫn truyền máu thành phần (hồng cầu, tiểu cầu, huyết tương). TEG nhanh và toàn diện hơn PT, APTT."
Hiến máu có giúp tăng cường hệ miễn dịch không?,"Hiến máu không làm tăng hay giảm miễn dịch đáng kể. Bạn mất khoảng 0.5-1% bạch cầu, sẽ được thay thế trong vài ngày. Có giả thuyết cho rằng hiến máu kích thích hệ miễn dịch (tạo bạch cầu mới), nhưng chưa được chứng minh. Quan trọng là bạn không bị suy giảm miễn dịch sau hiến."
Tại sao tôi bị tiêu chảy sau khi hiến máu?,"Tiêu chảy có thể do: 1) Uống nước hoặc sữa không đảm bảo vệ sinh tại điểm hiến. 2) Phản ứng phó giao cảm (kích thích nhu động ruột). 3) Bạn bị nhiễm virus (cúm dạ dày) trùng hợp. Uống nước điện giải, ăn cháo, theo dõi. Nếu tiêu chảy ra máu, sốt cao, đi khám."
"Tôi bị bệnh bạch cầu dòng tủy cấp (AML) đã ghép tủy, sống khỏe 15 năm, có hiến được không?","Tuyệt đối không. Dù sống khỏe 15 năm, bạn vẫn có nguy cơ tái phát rất thấp nhưng không bằng 0. Tế bào gốc ghép (từ người hiến) có thể mang các bất thường. Bạn không bao giờ được hiến máu. Hãy trân trọng sự sống của chính mình và cảm ơn người đã hiến tủy cho bạn."
Vai trò của chỉ số Kháng thể kháng tiểu cầu (anti-GPIIb/IIIa),"Kháng thể kháng GPIIb/IIIa gây bệnh giảm tiểu cầu miễn dịch (ITP), hoặc giảm tiểu cầu do thuốc (Abciximab). Xét nghiệm giúp chẩn đoán ITP khi loại trừ các nguyên nhân khác. ITP thường được điều trị bằng corticoid, IVIG, hoặc cắt lách."
Hiến máu có ảnh hưởng đến sự phát triển chiều cao ở tuổi 18 không?,"Ở tuổi 18, phần lớn thanh niên đã đạt chiều cao tối đa (các sụn tiếp hợp đã đóng). Hiến máu không ảnh hưởng. Nếu bạn 18 tuổi nhưng còn thấp, hãy tập trung vào dinh dưỡng và giấc ngủ, không phải lo lắng về hiến máu."
Tại sao tôi bị tụt huyết áp tư thế sau hiến máu?,"Tụt huyết áp tư thế (khi đứng dậy đột ngột bị chóng mặt, tối mắt) do cơ thể chưa kịp điều chỉnh giảm thể tích. Nguyên nhân: mất nước, thiếu muối. Cách khắc phục: đứng dậy từ từ, uống nước muối loãng hoặc oresol, mang vớ áp lực (nếu cần)."
"Tôi bị bệnh viêm não tự miễn (anti-NMDA receptor encephalitis) đã khỏi, có hiến được không?","Viêm não tự miễn do kháng thể kháng NMDA. Bệnh nhân thường được điều trị bằng corticoid, IVIG, rituximab, hóa trị. Sau khi khỏi (hết triệu chứng thần kinh, không dùng thuốc ức chế miễn dịch ít nhất 2 năm), bạn có thể hiến máu. Tuy nhiên, kháng thể có thể tồn tại lâu, gây nguy hiểm cho người nhận? Hầu hết trung tâm từ chối."
Vai trò của chỉ số ROTEM (Rotational Thromboelastometry),"ROTEM tương tự TEG, đánh giá toàn bộ quá trình đông máu, thường dùng trong phẫu thuật gan, ghép tạng, cấp cứu chấn thương. Nó cung cấp thông tin về sự hình thành cục máu đông, độ vững chắc của fibrin, và tiêu sợi huyết."
Hiến máu có giúp cải thiện bệnh gan nhiễm mỡ không?,"Hiến máu làm giảm sắt dự trữ, có thể cải thiện bệnh gan nhiễm mỡ không do rượu (NAFLD) thông qua giảm stress oxy hóa. Một số nghiên cứu nhỏ cho thấy hiến máu định kỳ giảm men gan ALT và cải thiện xơ hóa gan. Tuy nhiên, không phải là liệu pháp điều trị chính."
Tại sao tôi bị đau bụng dữ dội sau khi hiến máu?,Đau bụng dữ dội không phải là tác dụng phụ thông thường. Nguyên nhân có thể: 1) Rối loạn tiêu hóa (ăn uống không hợp vệ sinh). 2) Cơn đau quặn thận (do sỏi thận bị kích thích). 3) Rất hiếm gặp: xuất huyết sau phúc mạc do chọc kim sai vị trí (tổn thương động mạch?). Cần cấp cứu ngay.
"Tôi bị bệnh tăng sản thượng thận bẩm sinh (CAH) dùng Corticoid, có hiến được không?","CAH do thiếu enzyme 21-hydroxylase, điều trị bằng Corticoid (Hydrocortisone, Prednisone). Corticoid liều thay thế (sinh lý) không ức chế miễn dịch mạnh, bạn vẫn có thể hiến máu. Nếu dùng liều cao (ức chế viêm), bạn bị chống chỉ định. Cần xác nhận liều dùng với bác sĩ."
Vai trò của chỉ số RBC morphology (hình thái hồng cầu),"Soi hồng cầu dưới kính hiển vi giúp phát hiện: hồng cầu nhỏ (microcyte) trong thiếu sắt, hồng cầu hình bia (target cell) trong bệnh gan, Thalassemia, hồng cầu hình liềm, hồng cầu mảnh (schistocyte) trong tan máu, hồng cầu hình giọt (teardrop) trong xơ tủy."
Hiến máu có làm giảm nguy cơ bị bệnh tim mạch ở phụ nữ sau mãn kinh?,"Có. Phụ nữ sau mãn kinh không còn mất sắt qua kinh nguyệt, dễ bị ứ sắt. Hiến máu định kỳ (2-3 lần/năm) làm giảm sắt dự trữ, giảm LDL-cholesterol, cải thiện chức năng nội mô, từ đó giảm nguy cơ xơ vữa động mạch. Nhiều nghiên cứu ủng hộ."
Tại sao tôi bị nổi hạch ở nách sau khi hiến máu?,"Hạch nách sưng có thể do phản ứng viêm tại chỗ (vết kim vô trùng nhưng cơ thể tạo đáp ứng miễn dịch với các mảnh vỡ tế bào). Cũng có thể do bạn bị nhiễm trùng tay (xước da) cùng bên. Hạch thường nhỏ, hơi đau, tự hết sau 1-2 tuần. Nếu hạch to, cứng, không đau, kéo dài, đi khám ung thư."
"Tôi bị bệnh giãn phế quản (Bronchiectasis), có hiến được không?","Giãn phế quản gây ho khạc đờm mủ mạn, suy hô hấp, thiếu máu do viêm mạn. Bệnh nhân thường dùng kháng sinh dài hạn, corticoid dạng hít. Nếu bệnh nhẹ (không suy hô hấp, Hb >120, không dùng kháng sinh toàn thân đợt cấp), bạn có thể hiến. Tuy nhiên, nên được bác sĩ đánh giá."
Vai trò của chỉ số Bạch cầu ái kiềm (Basophil) trong bệnh lý,"Bạch cầu ái kiềm tăng (basophilia) gặp trong bệnh bạch cầu dòng tủy mạn (CML), đa hồng cầu vera, xơ tủy. Giải phóng histamin gây ngứa, loét dạ dày. Bình thường, basophil chiếm <1% bạch cầu. Tăng ác tính thường kèm tăng bạch cầu ái toan (eosinophil)."
Hiến máu có giúp cải thiện tình trạng đau cơ xơ hóa (Fibromyalgia) không?,"Không có bằng chứng. Đau cơ xơ hóa là bệnh lý thần kinh trung ương, nhạy cảm đau. Hiến máu không ảnh hưởng đến cơ chế bệnh. Một số bệnh nhân cảm thấy đỡ mệt hơn sau hiến máu do hiệu ứng giả dược hoặc giảm stress, nhưng tạm thời."
"Tại sao tôi bị đỏ mặt, nóng ran sau khi hiến máu?","Đỏ mặt (flush) do giải phóng histamin hoặc do tác dụng của adrenalin (cơ thể phản ứng với căng thẳng). Đây là phản ứng lành tính, hết sau 30 phút. Không liên quan đến dị ứng thuốc. Uống nước lạnh, thở sâu."
"Tôi bị bệnh u tủy (Multiple Myeloma) thể âm thầm (smoldering), có hiến được không?","Smoldering myeloma là giai đoạn tiền ung thư, chưa có triệu chứng nhưng tủy xương đã có tương bào bất thường (>10%) và protein M trong máu. Những người này không bao giờ được hiến máu vì protein M có thể gây hại cho người nhận (tăng độ nhớt, tổn thương thận)."
Vai trò của chỉ số Cryoglobulins,"Cryoglobulins là kháng thể kết tủa khi lạnh, gây viêm mạch (nổi ban, đau khớp, viêm thận). Xét nghiệm cryoglobulins dương tính trong viêm gan C, lupus, bệnh Waldenström. Máu có cryoglobulin không thể bảo quản lạnh, dễ kết tủa gây tắc mạch khi truyền."
Hiến máu có làm thay đổi giọng nói không?,"Không. Giọng nói liên quan đến dây thanh, nội tiết tố, cấu trúc thanh quản. Hiến máu không ảnh hưởng. Nếu sau hiến bạn bị khàn giọng, đó là do mất nước làm khô dây thanh, hãy uống nước."
Tại sao vết bầm sau hiến máu nổi cục cứng và đau nhức?,"Cục cứng là máu tụ đã đông lại, bao bọc bởi tổ chức xơ. Đau nhức do phản ứng viêm tại chỗ. Chườm ấm (sau 48 giờ) giúp máu tụ tiêu nhanh. Nếu đau dữ dội, tấy đỏ, sốt, có thể nhiễm trùng, cần khám."
"Tôi bị bệnh tan máu do bất đồng nhóm máu ABO mẹ con (đã qua) ở lần mang thai trước, tôi có hiến được không?","Sau khi sinh con, kháng thể anti-A hoặc anti-B trong máu mẹ vẫn tồn tại nhưng ở nồng độ thấp dần. Nếu bạn không còn mang thai, không có bệnh lý tan máu mạn tính, bạn vẫn có thể hiến máu bình thường. Tuy nhiên, huyết tương của bạn có thể chứa kháng thể cao hơn bình thường, nhưng vẫn an toàn cho người nhận (trừ khi truyền huyết tương cho trẻ sơ sinh)."
Vai trò của chỉ số Kháng thể kháng yếu tố IX (inhibitor),"Giống như inhibitor kháng VIII, inhibitor kháng yếu tố IX xảy ra ở 1-3% bệnh nhân Hemophilia B (thiếu yếu tố IX). Điều trị khó khăn, cần dùng FEIBA hoặc yếu tố VII tái tổ hợp. Bệnh nhân Hemophilia B có inhibitor không được hiến máu."
"Hiến máu có ảnh hưởng đến kết quả xét nghiệm nội tiết tố nữ (Estrogen, Progesterone) không?","Hiến máu không ảnh hưởng đáng kể đến nồng độ estrogen, progesterone vì các hormone này có nửa đời ngắn và được điều hòa bởi buồng trứng/tuyến thượng thận. Bạn có thể xét nghiệm nội tiết tố ngay sau hiến, kết quả vẫn chính xác."
Tại sao tôi bị rối loạn nhịp tim (đánh trống ngực) sau khi hiến máu?,"Đánh trống ngực (palpitation) do tim đập nhanh bù trừ, thường gặp ở người lo âu. Ở người có bệnh tim sẵn (hở van, rung nhĩ), hiến máu có thể kích thích cơn rung nhĩ. Nếu bạn có bệnh tim, hãy hỏi bác sĩ trước khi hiến."
"Tôi bị bệnh thiếu hụt yếu tố VII (Factor VII deficiency), có hiến được không?","Thiếu yếu tố VII (bệnh hiếm, thường nhẹ) gây chảy máu cam, bầm tím, chảy máu sau nhổ răng. Bệnh nhân có thể cần truyền yếu tố VII trước mổ. Họ không được hiến máu vì nguy cơ chảy máu và máu thiếu yếu tố VII, không có giá trị cầm máu."
Vai trò của chỉ số Kháng thể kháng cardiolipin (aCL) IgG/IgM,"aCL gây hội chứng kháng phospholipid (APS). Xét nghiệm aCL IgG và IgM dương tính kèm lupus anticoagulant (LAC) dương tính, kết hợp huyết khối hoặc sảy thai → chẩn đoán APS. Người có aCL dương tính không nên hiến máu."
Hiến máu có giúp giảm nguy cơ loãng xương không?,"Một số nghiên cứu cho thấy hiến máu làm giảm nhẹ dấu ấn tiêu xương (CTX-1) ở nam giới, nhưng không đủ để phòng loãng xương. Ở phụ nữ sau mãn kinh, hiến máu có thể làm tăng tái tạo xương do giảm sắt. Tuy nhiên, bổ sung canxi và vitamin D vẫn là chính."
Tại sao tôi bị nóng rát tại vết kim sau khi hiến máu?,"Nóng rát có thể do: 1) Dung dịch sát khuẩn (cồn, betadine) còn ướt chưa khô hết, theo kim vào dưới da. 2) Phản ứng dị ứng với băng keo hoặc chất khử trùng. 3) Viêm tĩnh mạch nông (hiếm). Rửa sạch bằng nước muối, chườm mát. Hết sau vài giờ."
"Tôi bị bệnh rối loạn chức năng tiểu cầu Bernard-Soulier, có hiến được không?","Bernard-Soulier là bệnh di truyền giảm tiểu cầu, tiểu cầu to, thiếu thụ thể GPIb-IX-V để gắn với vWF. Bệnh nhân dễ chảy máu, không được hiến máu. Họ có thể cần truyền tiểu cầu khi phẫu thuật."
Vai trò của chỉ số Kháng thể kháng beta2 glycoprotein I (anti-β2GPI),"Anti-β2GPI là kháng thể đặc hiệu hơn aCL trong APS. Dương tính kết hợp huyết khối hoặc sảy thai. Người có anti-β2GPI dương tính có nguy cơ huyết khối cao hơn, không nên hiến máu."
Hiến máu có làm teo cơ không?,"Không. Hiến máu không ảnh hưởng đến khối cơ. Teo cơ xảy ra khi bất động lâu, bệnh thần kinh cơ, suy dinh dưỡng. Nếu bạn cảm thấy cơ yếu sau hiến, đó là do mệt mỏi toàn thân, hồi phục sau vài ngày. Tập thể dục nhẹ nhàng giúp phục hồi nhanh."
Tại sao tôi bị khô mắt sau khi hiến máu?,"Khô mắt do mất nước, tuyến lệ tiết ít nước mắt. Hãy uống đủ nước (2-3 lít/ngày), dùng nước mắt nhân tạo nếu cần. Tránh đeo kính áp tròng trong 24 giờ. Không liên quan đến tổn thương thần kinh."
"Tôi bị bệnh thiếu hụt yếu tố X (Factor X deficiency), có hiến được không?",Thiếu yếu tố X (hiếm) gây chảy máu nặng tương tự Hemophilia. Bệnh nhân không được hiến máu. Họ được điều trị bằng huyết tương tươi đông lạnh hoặc phức hợp prothrombin (PCC).
Vai trò của chỉ số Kháng thể kháng tế bào nội mô (AECA),"AECA xuất hiện trong viêm mạch hệ thống (Wegener, viêm động mạch Takayasu). Gây tổn thương mạch máu, huyết khối. Bệnh nhân viêm mạch thường dùng corticoid, ức chế miễn dịch, không được hiến máu."
Hiến máu có làm tăng nguy cơ suy tĩnh mạch chân không?,"Không. Suy tĩnh mạch chân (varicose vein) do yếu tố di truyền, đứng lâu, béo phì, thai kỳ. Hiến máu không gây suy tĩnh mạch. Ngược lại, giảm độ nhớt máu có thể cải thiện lưu thông tĩnh mạch nhẹ."
Tại sao tôi bị đau dây thần kinh tọa sau khi hiến máu?,"Đau thần kinh tọa (đau lan xuống chân) không liên quan đến hiến máu. Có thể bạn nằm sai tư thế lâu, gây chèn ép rễ thần kinh. Hoặc cơn đau khởi phát do thoát vị đĩa đệm từ trước, chỉ trùng hợp. Nếu đau kéo dài, hãy khám chuyên khoa cơ xương khớp."
"Tôi bị bệnh giảm tiểu cầu miễn dịch (ITP) mạn tính, đang dùng Eltrombopag, có hiến được không?","ITP mạn tính là bệnh tự miễn, tiểu cầu thấp dưới 100 G/L, có nguy cơ chảy máu. Eltrombopag kích thích sinh tiểu cầu, nhưng nguy cơ huyết khối. Bạn không được hiến máu vì tiểu cầu không ổn định và có kháng thể kháng tiểu cầu trong máu."
Vai trò của chỉ số Kháng thể kháng factor VIII (inhibitor) đo bằng Bethesda assay,"Bethesda assay định lượng nồng độ inhibitor (đơn vị Bethesda BU). 1 BU trung hòa 50% hoạt tính FVIII. Inhibitor >5 BU gọi là titer cao, cần điều trị đặc biệt. Xét nghiệm này rất quan trọng trong Hemophilia A."
Hiến máu có giúp cơ thể trẻ lâu (chống lão hóa) không?,"Giảm sắt dự trữ (bằng cách hiến máu) có thể giảm stress oxy hóa, một trong những cơ chế lão hóa. Một số nghiên cứu trên động vật cho thấy giảm sắt kéo dài tuổi thọ. Tuy nhiên, chưa có bằng chứng chắc chắn trên người. Hiến máu vì mục đích nhân đạo, không phải để trẻ lâu."
Tại sao vết bầm sau hiến máu không đau nhưng cứng?,"Cục cứng nhưng không đau là máu tụ đã được bao bọc bởi tổ chức xơ, không viêm. Đây là dạng lành tính. Chườm ấm, massage nhẹ. Sẽ tiêu dần trong 3-6 tuần. Không cần điều trị."
"Tôi bị bệnh tăng bạch cầu ái toan (Hypereosinophilic syndrome), có hiến được không?","HES (Hypereosinophilic syndrome) là bệnh lý tăng sinh ác tính bạch cầu ái toan, gây tổn thương tim, thần kinh, da. Bệnh nhân dùng thuốc ức chế tủy (Hydroxyurea, Imatinib). Họ không được hiến máu."
Vai trò của chỉ số Kháng thể kháng yếu tố von Willebrand (anti-vWF),"Anti-vWF gây bệnh von Willebrand mắc phải (hiếm gặp ở bệnh nhân lupus, u lympho). Làm giảm hoạt tính vWF, gây chảy máu. Bệnh nhân cần điều trị bằng IVIG, rituximab. Họ không được hiến máu."
"Hiến máu có ảnh hưởng đến kết quả xét nghiệm ung thư (chỉ điểm CA19-9, CEA) không?","Hiến máu không ảnh hưởng đến các chỉ điểm ung thư. Tuy nhiên, nếu bạn hiến máu khi có bệnh lý viêm (cảm cúm, viêm gan), các chỉ số này có thể tăng giả (giả dương). Nên xét nghiệm khi cơ thể khỏe mạnh."
Tại sao tôi bị mất vị giác tạm thời sau hiến máu?,"Mất vị giác (dysgeusia) hiếm gặp, có thể do kẽm bị mất qua đường mồ hôi khi căng thẳng, hoặc do thiếu máu nhẹ ảnh hưởng đến dây thần kinh vị giác. Uống nước bổ sung kẽm, ăn thực phẩm giàu kẽm (hàu, thịt bò). Hết sau 1-2 tuần."
"Tôi bị bệnh sarcom Kaposi, có hiến được không?","Sarcom Kaposi do virus HHV-8 gây ra, thường gặp ở bệnh nhân HIV hoặc suy giảm miễn dịch. Bệnh nhân không được hiến máu vì có thể lây virus HHV-8 qua đường máu. Virus HHV-8 gây sarcom Kaposi ở người nhận suy giảm miễn dịch."
Vai trò của chỉ số Kháng thể kháng yếu tố XI (inhibitor),"Inhibitor kháng yếu tố XI cực kỳ hiếm, gặp ở bệnh nhân thiếu yếu tố XI (hemophilia C) sau khi truyền huyết tương. Gây chảy máu nặng. Bệnh nhân không được hiến máu."
Tôi bị bệnh u lympho tế bào T ở da (Mycosis fungoides) có hiến máu được không?,"U lympho tế bào T ở da là bệnh ác tính hiếm. Tế bào ung thư có thể có trong máu (dù ở giai đoạn sớm). Bệnh nhân tuyệt đối không được hiến máu. Họ thường được điều trị bằng quang trị liệu, hóa trị hoặc interferon."
Tại sao người bị viêm loét tá tràng có thể bị thiếu máu?,"Viêm loét tá tràng thường do vi khuẩn HP hoặc thuốc NSAIDs. Vết loét có thể bị chảy máu âm thầm (mất máu qua phân) kéo dài nhiều tháng, gây thiếu máu thiếu sắt. Nếu mất máu cấp (ói ra máu, đi ngoài phân đen), cần truyền máu cấp cứu."
Vai trò của chỉ số sắt huyết thanh kết hợp với ferritin và TIBC trong chẩn đoán thiếu máu,"Khi thiếu sắt: ferritin thấp, sắt huyết thanh thấp, TIBC cao, bão hòa transferrin thấp. Khi thiếu máu bệnh mạn: ferritin bình thường hoặc cao, sắt thấp, TIBC thấp. Khi thừa sắt (hemochromatosis): ferritin cao, sắt cao, TIBC thấp, bão hòa >45%."
Hiến máu có làm tăng nguy cơ bị bệnh lý tuyến giáp không?,"Không có bằng chứng. Tuyến giáp có cơ chế tự điều hòa riêng, không phụ thuộc vào thể tích máu hay lượng sắt. Tuy nhiên, nếu bạn bị thiếu máu do thiếu sắt kéo dài (không liên quan hiến máu), có thể ảnh hưởng đến chuyển hóa hormone tuyến giáp (giảm T3)."
"Tôi bị bệnh bạch cầu dòng lympho mạn (CLL) giai đoạn sớm, có hiến máu được không?","CLL (Chronic Lymphocytic Leukemia) là bệnh ác tính dòng lympho B, thường người bệnh có bạch cầu cao, suy giảm miễn dịch. Tuyệt đối không được hiến máu. Có trường hợp CLL vô tình phát hiện qua xét nghiệm máu hiến (tăng bạch cầu lympho), túi máu bị hủy."
Tại sao tôi bị chuột rút về đêm sau khi hiến máu?,"Chuột rút về đêm (night cramp) có thể do mất điện giải (Kali, Magie, Canxi). Hiến máu gây mất dịch, dễ dẫn đến mất cân bằng điện giải. Uống nước dừa, ăn chuối, bổ sung magie. Cũng có thể do mỏi cơ sau khi nằm lâu một tư thế."
Vai trò của chỉ số Prothrombin fragment 1+2 (F1+2),"F1+2 là sản phẩm thoái hóa của prothrombin, tăng khi quá trình đông máu được kích hoạt (huyết khối, DIC, sau phẫu thuật). Xét nghiệm nhạy hơn D-Dimer trong phát hiện sớm huyết khối. Không dùng thường quy."
Hiến máu có làm giảm khả năng tập trung học tập ở sinh viên không?,"Ở sinh viên khỏe mạnh, hiến máu 350ml làm giảm hemoglobin tạm thời khoảng 5-8%, nhưng không ảnh hưởng đến chức năng nhận thức (trí nhớ, khả năng tập trung) theo các nghiên cứu. Tuy nhiên, nếu sinh viên bị thiếu máu từ trước, hiến máu có thể gây mệt mỏi, kém tập trung."
"Tôi bị bệnh tăng mỡ máu di truyền (Familial hypercholesterolemia), có hiến được không?","Bạn vẫn có thể hiến máu nếu sức khỏe tim mạch tốt, không có bệnh mạch vành, và không dùng statin? Thuốc statin không chống chỉ định. Tuy nhiên, máu của bạn có thể bị nhiễm mỡ nặng (huyết tương trắng đục) do cholesterol cao, dẫn đến túi máu bị loại. Nên ăn kiêng 12 giờ trước hiến để giảm mỡ máu."
Tại sao tôi bị đau quai hàm khi hiến máu?,"Đau quai hàm (jaw pain) có thể do căng cơ nhai (nghiến răng) vì lo lắng. Hoặc có thể là dấu hiệu của co thắt mạch vành (hiếm gặp) ở người có bệnh tim, do phản xạ vagal. Nếu đau lan lên vai trái, khó thở, hãy thông báo nhân viên y tế ngay."
Vai trò của chỉ số Thrombin-antithrombin complex (TAT),"TAT phản ánh sự hình thành thrombin trong máu. Tăng cao trong huyết khối cấp, DIC, sau mổ, hoặc bệnh nhân ung thư. Xét nghiệm nhạy nhưng ít dùng vì đắt. Giúp chẩn đoán sớm đông máu nội mạch rải rác."
Hiến máu có giúp cải thiện bệnh trầm cảm không?,"Hiến máu không phải là liệu pháp điều trị trầm cảm. Tuy nhiên, hành động nhân đạo giúp giải phóng endorphin, cải thiện tâm trạng tạm thời. Nếu bạn bị trầm cảm đang dùng thuốc (SSRI) và ổn định, vẫn được hiến. Trầm cảm nặng có ý định tự tử không được hiến."
"Tôi bị bệnh thiếu hụt men pyruvate kinase (PK deficiency), có hiến được không?","Thiếu PK là bệnh tan máu di truyền, gây thiếu máu tan máu mạn. Bệnh nhân thường có lách to, sỏi mật, cần truyền máu khi tan máu cấp. Họ không được hiến máu. Bệnh thường gặp ở người gốc Âu."
Tại sao tôi bị nổi mẩn đỏ như phát ban sau hiến máu không ngứa?,"Mẩn đỏ không ngứa (petechiae?) có thể do vỡ mao mạch khi tăng áp lực tĩnh mạch (do căng thẳng, rặn). Nếu mẩn nhỏ li ti, không ngứa, không sốt, đó là ban xuất huyết do tăng áp lực (cough petechiae). Tự hết sau vài ngày. Nếu mẩn to, bầm tím, cần kiểm tra tiểu cầu."
Vai trò của chỉ số PAI-1 (Plasminogen activator inhibitor-1),"PAI-1 ức chế tiêu sợi huyết (tPA, uPA). PAI-1 cao gây tăng nguy cơ huyết khối (nhồi máu cơ tim, béo phì, hội chứng chuyển hóa). PAI-1 thấp gây chảy máu (hiếm). Xét nghiệm giúp đánh giá nguy cơ huyết khối."
Hiến máu có ảnh hưởng đến kết quả xét nghiệm HCG (thử thai) không?,"Không. HCG là hormone do nhau thai tiết ra, không liên quan đến hiến máu. Nếu bạn đang mang thai, bạn không được hiến máu. Nếu bạn hiến máu rồi mới phát hiện mang thai (cực kỳ hiếm), hãy báo ngay cho trung tâm để hủy túi máu, vì máu có thể ảnh hưởng thai nhi."
"Tôi bị bệnh viêm khớp vảy nến (Psoriatic arthritis) dùng Apremilast, có hiến được không?","Apremilast (Otezla) là thuốc ức chế PDE4, không ức chế miễn dịch nặng, không độc tế bào. Bạn có thể hiến máu khi dùng Apremilast. Tuy nhiên, nếu bệnh đang bùng phát viêm (sưng đau khớp), nên hoãn."
Tại sao tôi bị mất trí nhớ ngắn hạn sau khi hiến máu?,"Mất trí nhớ ngắn hạn (brain fog) có thể do thiếu oxy não tạm thời (hạ huyết áp, mất nước). Uống nước, nghỉ ngơi, ăn nhẹ. Triệu chứng thường hết trong vài giờ. Nếu kéo dài >1 tuần hoặc kèm yếu nửa người, hãy khám bác sĩ thần kinh (rất hiếm gặp, có thể do đột quỵ trùng hợp)."
Vai trò của chỉ số Lipoprotein(a) [Lp(a)],"Lp(a) là yếu tố nguy cơ độc lập gây xơ vữa động mạch, nhồi máu cơ tim sớm. Nồng độ cao do di truyền, không thay đổi nhiều bởi chế độ ăn. Hiến máu không làm giảm Lp(a). Xét nghiệm Lp(a) giúp đánh giá nguy cơ tim mạch ở người trẻ."
Hiến máu có làm giảm nồng độ testosterone ở nam không?,"Một vài nghiên cứu nhỏ cho thấy hiến máu định kỳ có thể làm tăng nhẹ testosterone (do giảm sắt, giảm stress oxy hóa tại tinh hoàn). Không có bằng chứng hiến máu làm giảm testosterone. Ngược lại, thiếu máu do thiếu sắt có thể làm giảm testosterone. Vì vậy, không ảnh hưởng."
"Tôi bị bệnh u xương ác tính (Osteosarcoma) đã cắt cụt chi, có hiến được không?","Osteosarcoma là ung thư xương ác tính, có thể di căn qua đường máu (phổi, xương khác). Bệnh nhân đã phẫu thuật và hóa trị, nhưng nguy cơ tế bào ung thư còn tiềm ẩn. Tuyệt đối không được hiến máu, dù đã chữa khỏi 10-20 năm."
Tại sao tôi bị ù tai sau khi hiến máu 3 ngày vẫn chưa hết?,"Ù tai kéo dài có thể do thay đổi lưu lượng máu đến ốc tai, hoặc do bệnh lý Meniere, u dây thần kinh số VIII, hoặc do cao huyết áp. Không liên quan trực tiếp đến hiến máu. Hãy khám tai - mũi - họng và đo huyết áp."
Vai trò của chỉ số Plasminogen,"Plasminogen là tiền chất của plasmin (enzyme tiêu sợi huyết). Thiếu plasminogen di truyền gây lắng đọng fibrin ở niêm mạc (hậu quả: viêm kết mạc giả mạc, tổn thương thanh quản). Bệnh nhân hiếm gặp, không được hiến máu."
Hiến máu có giúp cải thiện tình trạng móng tay giòn?,"Móng tay giòn thường do thiếu sắt, kẽm, biotin, hoặc bệnh nấm. Hiến máu làm mất sắt, có thể làm móng giòn hơn nếu bạn đã có dự trữ sắt thấp. Chỉ hiến máu khi ferritin bình thường. Bổ sung biotin, sắt, kẽm để cải thiện móng."
"Tôi bị bệnh u trung biểu mô (Mesothelioma) do amiăng, đã mổ, có hiến được không?","Mesothelioma là ung thư ác tính hiếm, liên quan đến amiăng, thường diễn tiến nhanh, có thể di căn qua đường máu. Dù đã phẫu thuật, nguy cơ tái phát rất cao. Bạn không bao giờ được hiến máu. Hãy tập trung điều trị."
Tại sao tôi bị cảm giác nóng ở lòng bàn tay sau hiến máu?,"Cảm giác nóng lòng bàn tay có thể do sự giãn mạch ngoại biên bù trừ sau khi mất máu (cơ thể muốn tăng tưới máu cho da). Cũng có thể do thay đổi nội tiết (giải phóng histamin). Lành tính, hết sau vài giờ."
Vai trò của chỉ số TAFI (Thrombin-activatable fibrinolysis inhibitor),"TAFI là enzyme ức chế tiêu sợi huyết bằng cách loại bỏ vị trí gắn plasminogen trên fibrin. TAFI cao gây tăng huyết khối, kháng thuốc tiêu sợi huyết (tPA). Xét nghiệm ít dùng trong lâm sàng."
"Hiến máu có ảnh hưởng đến kết quả xét nghiệm COVID-19 (PCR, kháng thể) không?","Không. Hiến máu không ảnh hưởng đến RNA virus (nếu có) hay kháng thể. Tuy nhiên, nếu bạn đang mắc COVID-19 giai đoạn cấp (có triệu chứng), bạn không được hiến máu. Sau khi khỏi bệnh 14 ngày, có thể hiến (tùy quy định)."
"Tôi bị bệnh viêm não do Toxoplasma (suy giảm miễn dịch), đã điều trị, có hiến được không?","Bệnh nhân suy giảm miễn dịch (HIV, ghép tạng) bị viêm não Toxoplasma. Sau điều trị (Pyrimethamine + Sulfadiazine), nếu bệnh nền vẫn còn, bạn KHÔNG được hiến máu. Nếu bệnh nền đã khỏi (hiếm), cần chờ 2 năm."
Tại sao tôi bị tê đầu lưỡi sau khi hiến tiểu cầu?,"Tê đầu lưỡi là dấu hiệu của hạ canxi máu do citrate trong quá trình hiến tiểu cầu gạn tách. Citrate gắn canxi tự do. Uống viên canxi (Calcium gluconate) hoặc sữa, triệu chứng sẽ hết trong 30 phút. Nếu tê nhiều, nhân viên y tế sẽ giảm tốc độ hoặc bổ sung canxi tĩnh mạch."
Vai trò của chỉ số sFlt-1 (soluble Fms-like tyrosine kinase-1),"sFlt-1 là yếu tố kháng mạch, tăng cao trong tiền sản giật, gây tăng huyết áp, protein niệu. Xét nghiệm sFlt-1/PlGF (Placental growth factor) giúp dự đoán tiền sản giật ở thai phụ. Không liên quan hiến máu."
Hiến máu có làm giảm khả năng chịu lạnh của cơ thể không?,"Hiến máu làm giảm nhẹ chuyển hóa cơ bản (do giảm hồng cầu, giảm oxy) trong vài ngày, có thể khiến bạn cảm thấy lạnh hơn bình thường. Mặc ấm, uống nước ấm. Về lâu dài, không ảnh hưởng đến khả năng chịu lạnh."
"Tôi bị bệnh u ác tính hắc tố (Melanoma) giai đoạn 1 đã cắt bỏ 5 năm, có hiến được không?","Nhiều trung tâm từ chối vĩnh viễn melanoma dù giai đoạn sớm vì nguy cơ di căn qua đường máu (tế bào hắc tố ác tính có thể ngủ yên trong máu). Một số trung tâm cho phép sau 5-10 năm không tái phát. Tại Việt Nam, thường từ chối. Cần hỏi trực tiếp trung tâm."
Tại sao tôi bị chóng mặt khi nghiêng đầu sau hiến máu?,"Chóng mặt khi thay đổi tư thế đầu (benign paroxysmal positional vertigo - BPPV) có thể do sỏi tai (otolith) di chuyển. Hiến máu gây mất nước, làm dịch tai trong thay đổi, kích thích sỏi tai. Khám chuyên khoa tai mũi họng để tập các bài tập Epley. Tự hết sau vài tuần."
Vai trò của chỉ số Angiotensin converting enzyme (ACE),"ACE chuyển angiotensin I thành angiotensin II (gây co mạch, tăng huyết áp). ACE tăng trong bệnh sarcoidosis, hạch to. Xét nghiệm ACE giúp chẩn đoán sarcoidosis. ACE không liên quan đến hiến máu."
Hiến máu có ảnh hưởng đến kết quả xét nghiệm viêm gan B định lượng (HBV DNA) không?,"Không. Hiến máu không làm thay đổi nồng độ HBV DNA. Tuy nhiên, nếu bạn bị viêm gan B mạn (HBsAg+), bạn không được hiến máu, dù HBV DNA thấp. Xét nghiệm HBV DNA chỉ dùng để theo dõi điều trị."
Tôi bị bệnh rối loạn nhịp tim (hội chứng QT dài) có hiến được không?,"Hội chứng QT dài di truyền gây nguy cơ đột tử do rối loạn nhịp thất (Torsade de pointes). Hiến máu làm thay đổi điện giải (hạ kali, magie) có thể kích thích cơn. Bạn không được hiến máu. Cần điều trị bằng thuốc chẹn beta hoặc đặt máy khử rung tim (ICD)."
Tại sao tôi bị đau họng sau khi hiến máu?,"Đau họng có thể do mất nước làm khô niêm mạc họng, hoặc do bạn nhiễm virus (cảm lạnh) trùng hợp. Uống nước ấm mật ong, súc miệng nước muối. Nếu sốt cao, kèm hạch cổ, hãy khám bác sĩ."
Vai trò của chỉ số Adiponectin,"Adiponectin là hormone từ mỡ nội tạng, tăng cường nhạy cảm insulin, chống viêm, chống xơ vữa. Adiponectin thấp gặp trong béo phì, đái tháo đường type 2, hội chứng chuyển hóa. Hiến máu có thể làm tăng adiponectin nhẹ (do giảm sắt)."
Hiến máu có giúp giảm nguy cơ bị đục thủy tinh thể không?,"Có một số nghiên cứu cho thấy thiếu máu do thiếu sắt có liên quan đến đục thủy tinh thể (cataract) sớm. Hiến máu làm giảm sắt dự trữ, về lý thuyết có thể bảo vệ thủy tinh thể khỏi stress oxy hóa. Tuy nhiên, chưa có bằng chứng thuyết phục. Vitamin C, E và kính râm quan trọng hơn."
"Tôi bị bệnh bạch cầu dòng bạch cầu hạt (Hairy cell leukemia) đã điều trị khỏi, có hiến được không?","Hairy cell leukemia là bệnh ác tính hiếm, đáp ứng tốt với cladribine. Bệnh nhân sau điều trị có thể lui bệnh hoàn toàn, nhưng tiềm ẩn nguy cơ tái phát. Không được hiến máu."
Tại sao tôi bị hôi miệng sau khi hiến máu?,"Hôi miệng (halitosis) có thể do mất nước làm giảm tiết nước bọt, vi khuẩn miệng phát triển. Đánh răng, dùng chỉ nha khoa, uống nước, nhai kẹo cao su không đường. Hôi miệng cũng có thể từ dạ dày (trào ngược). Không liên quan trực tiếp hiến máu."
Vai trò của chỉ số Resistin,"Resistin là hormone từ mô mỡ và đại thực bào, gây kháng insulin, viêm. Resistin cao gặp trong béo phì, đái tháo đường type 2, bệnh tim mạch. Hiến máu có thể giảm resistin nhờ giảm viêm. Không phải xét nghiệm thường quy."
Hiến máu có ảnh hưởng đến kết quả xét nghiệm nồng độ cortisol không?,"Cortisol tăng khi stress (lo lắng, đau). Nếu bạn lo lắng trước khi hiến, cortisol có thể tăng nhất thời, nhưng không ảnh hưởng đến xét nghiệm sau đó. Nên lấy máu xét nghiệm cortisol lúc 8 giờ sáng trước khi hiến. Kết quả vẫn đáng tin cậy."
"Tôi bị bệnh u thần kinh nội tiết (Carcinoid tumor) đã mổ, có hiến được không?","Carcinoid có thể tiết serotonin, gây hội chứng carcinoid (đỏ bừng mặt, tiêu chảy, hen). Dù đã mổ, tế bào carcinoid có thể di căn gan, xương, và có thể có trong máu. Bạn không được hiến máu."
Tại sao tôi bị đau mỏi vai gáy sau hiến máu?,"Đau vai gáy do tư thế nằm/ngồi không đúng, cơ cổ và vai bị co cứng. Kê gối thoải mái, xoa bóp nhẹ, chườm ấm. Tránh nằm xem điện thoại khi hiến (gây mỏi cổ). Hết sau 1-2 ngày."
Vai trò của chỉ số Ghrelin,"Ghrelin là hormone đói từ dạ dày, kích thích ăn. Ghrelin tăng khi đói, giảm sau ăn. Hiến máu có thể làm tăng ghrelin (do cơ thể cần năng lượng để tạo máu). Giải thích cảm giác đói sau hiến. Xét nghiệm ghrelin dùng trong nghiên cứu béo phì."
Hiến máu có làm thay đổi màu da không?,"Hiến máu không làm thay đổi màu da. Da xanh xao sau hiến là do thiếu máu nhẹ (giảm hồng cầu) và co mạch do lạnh. Sau 1-2 tuần khi hồng cầu phục hồi, da trở lại bình thường. Không làm vàng da hay sạm da."
Tôi bị bệnh xơ cứng củ (Tuberous sclerosis) có hiến được không?,"Xơ cứng củ (TSC) là bệnh di truyền gây u lành tính ở não, thận, tim, phổi. Nếu không có suy thận, suy tim, động kinh nặng, và không dùng thuốc ức chế miễn dịch (Everolimus), bạn vẫn có thể hiến máu. Tuy nhiên, nhiều trung tâm thận trọng từ chối."
Tại sao tôi bị chảy nước mắt sống sau khi hiến máu?,"Chảy nước mắt không kiểm soát có thể do phản ứng phó giao cảm (kích thích dây thần kinh số VII) khi căng thẳng, đau, hoặc mất máu. Cũng có thể do tắc lệ đạo trùng hợp. Không nguy hiểm. Lau sạch bằng khăn giấy."
Vai trò của chỉ số BDNF (Brain-derived neurotrophic factor),"BDNF là yếu tố dinh dưỡng thần kinh, liên quan đến trí nhớ, trầm cảm, chức năng não. Một số nghiên cứu cho thấy hiến máu làm giảm BDNF tạm thời (do stress), nhưng hồi phục nhanh. Xét nghiệm này dùng trong nghiên cứu tâm thần kinh."
"Hiến máu có ảnh hưởng đến kết quả xét nghiệm Chlamydia, Gonorrhea (lây qua đường tình dục) không?","Hiến máu không xét nghiệm Chlamydia hay Gonorrhea vì các bệnh này không lây qua đường máu. Nếu bạn bị nhiễm, vẫn được hiến máu (nếu không có triệu chứng sốt, viêm). Tuy nhiên, những bệnh này cần điều trị riêng."
"Tôi bị bệnh u nguyên bào võng mạc (Retinoblastoma) đã mổ mắt, có hiến được không?","U nguyên bào võng mạc là ung thư ác tính ở trẻ em, có thể di căn qua đường máu đến não, xương. Người lớn từng bị bệnh này (đã chữa khỏi) có nguy cơ tái phát di căn muộn? Không được hiến máu."
Tại sao tôi bị mệt mỏi kéo dài 1 tuần sau khi hiến máu?,"Mệt mỏi kéo dài >1 tuần không bình thường. Nguyên nhân: 1) Bạn bị thiếu máu từ trước nhưng không biết. 2) Bạn bị thiếu sắt nhẹ, hiến máu làm trầm trọng thêm. 3) Bạn có bệnh lý khác (suy giáp, tiểu đường, hội chứng mệt mỏi mạn). Đi khám tổng quát, xét nghiệm ferritin, Hb, chức năng tuyến giáp."
Vai trò của chỉ số FGF-23 (Fibroblast growth factor-23),"FGF-23 điều hòa phosphate và vitamin D. Tăng trong bệnh lý thận mạn, còi xương do hạ phosphate, u tạo xương. Xét nghiệm giúp chẩn đoán rối loạn chuyển hóa phosphate. Không liên quan hiến máu."
Hiến máu có làm thay đổi chu kỳ kinh nguyệt vĩnh viễn không?,"Hiến máu không làm thay đổi vĩnh viễn. Một số phụ nữ bị chậm kinh 1-2 tuần sau hiến do stress, mất cân bằng nội tiết tạm thời. Nếu chậm kinh >3 tháng, rối loạn kinh kéo dài, cần khám phụ khoa (có thể bệnh lý buồng trứng, tuyến yên)."
"Tôi bị bệnh u thần kinh ngoại biên ác tính (MPNST), có hiến được không?",MPNST (malignant peripheral nerve sheath tumor) là sarcoma ác tính liên quan đến u xơ thần kinh (neurofibromatosis). Di căn qua đường máu. Bạn không được hiến máu.
Tại sao tôi bị đau bụng dưới (hố chậu) sau hiến máu?,"Đau bụng dưới nữ có thể do kích thích buồng trứng (phóng noãn, u nang buồng trứng), viêm vùng chậu, hoặc do táo bón (mất nước). Nam giới: viêm mào tinh, sỏi niệu quản. Nếu đau dữ dội kèm sốt, nôn, cần khám ngay."
Vai trò của chỉ số Uromodulin,"Uromodulin (protein Tamm-Horsfall) do ống thận sản xuất, bảo vệ chống nhiễm trùng đường tiểu. Thấp trong bệnh thận mạn, suy thận. Xét nghiệm ít dùng. Không liên quan hiến máu."
Hiến máu có ảnh hưởng đến kết quả xét nghiệm Urobilinogen trong nước tiểu không?,"Không. Urobilinogen trong nước tiểu liên quan đến chức năng gan, tan máu. Hiến máu không ảnh hưởng. Tuy nhiên, nếu bạn có tan máu cấp (truyền nhầm nhóm máu), urobilinogen tăng. Trường hợp của bạn không phải vậy."
"Tôi bị bệnh u tuyến giáp (follicular thyroid cancer) đã cắt và uống i-ốt phóng xạ, có hiến được không?","Ung thư tuyến giáp thể nang có thể di căn qua đường máu (phổi, xương). Dù đã phẫu thuật và điều trị I-131, nguy cơ tái phát luôn tiềm ẩn. Bạn không được hiến máu vì i-ốt phóng xạ tồn lưu (dù rất nhỏ) và nguy cơ tế bào ung thư."
Tại sao tôi bị đau nửa đầu (chỉ bên trái) sau hiến máu?,"Đau nửa đầu (migraine) có thể khởi phát cơn do mất nước, hạ đường huyết, stress, thiếu ngủ. Hiến máu là yếu tố kích thích. Cơn migraine thường đau nhói, sợ ánh sáng, buồn nôn. Nghỉ ngơi trong phòng tối, uống cafein, dùng thuốc giảm đau (paracetamol, ibuprofen) nếu được phép."
Vai trò của chỉ số Copeptin,"Copeptin là sản phẩm phụ của vasopressin (ADH), tăng trong suy tim, đột quỵ, hạ natri máu. Copeptin có thể thay thế ADH vì dễ đo. Hiến máu làm tăng copeptin (đáp ứng với mất thể tích). Xét nghiệm dùng trong cấp cứu."
Hiến máu có làm sạch hệ bạch huyết không?,"Không. Hệ bạch huyết và hệ máu là hai hệ thống riêng biệt nhưng liên quan. Hiến máu không làm sạch bạch huyết. Bạch huyết được lọc bởi các hạch (bạch cầu, đại thực bào). Các phương pháp 'giải độc bạch huyết' là quảng cáo sai sự thật."
"Tôi bị bệnh u ác tính tế bào mầm (Germ cell tumor) đã khỏi, có hiến được không?","U tế bào mầm (tinh hoàn, buồng trứng) có thể di căn qua đường máu (phổi, gan, não). Dù đã phẫu thuật, cắt bỏ và hóa trị, nguy cơ tái phát muộn (10-20 năm) vẫn có, đặc biệt là khối u quái (teratoma). Chống chỉ định hiến máu."
Tại sao tôi bị tăng tiết mồ hôi sau khi hiến máu?,"Vã mồ hôi (diaphoresis) là dấu hiệu của phản ứng phó giao cảm (hạ huyết áp, buồn nôn, chóng mặt). Đây là dạng nhẹ của choáng. Nằm nghỉ, nâng chân, lau mồ hôi, uống nước. Sẽ hết sau 10-15 phút. Nếu vã mồ hôi lạnh, khó thở, cần cấp cứu."
Vai trò của chỉ số Endocan,"Endocan là dấu ấn của tế bào nội mô, tăng trong tổn thương mạch máu (nhiễm trùng huyết, suy thận, ung thư). Xét nghiệm dùng trong nghiên cứu. Không liên quan hiến máu."
Hiến máu có ảnh hưởng đến kết quả sinh thiết gan sau này không?,"Không. Sinh thiết gan lấy mô gan, đánh giá xơ hóa, viêm. Hiến máu không ảnh hưởng đến mô gan. Tuy nhiên, nếu bạn bị rối loạn đông máu (giảm tiểu cầu, tăng INR), sinh thiết gan sẽ nguy hiểm. Hiến máu không gây rối loạn đông máu."
"Tôi bị bệnh u xơ thần kinh âm thanh (Acoustic neuroma) đã mổ, có hiến được không?","U dây thần kinh số VIII (schwannoma) là u lành tính, không di căn. Sau khi phẫu thuật lấy u hoàn toàn, không biến chứng nặng (liệt mặt), bạn có thể hiến máu. Tuy nhiên, nếu có di chứng (liệt dây thanh, khó nuốt), cần đánh giá sức khỏe tổng thể."
Tại sao tôi bị nổi gai ốc sau hiến máu?,"Nổi gai ốc (goosebumps) do co cơ dựng lông (arrector pili), phản xạ của hệ thần kinh giao cảm khi cơ thể bị lạnh, sợ hãi, hoặc kích thích mạnh. Trong hiến máu, cảm giác đau và lạnh có thể gây nổi gai ốc. Lành tính."
Vai trò của chỉ số Irisin,"Irisin là hormone từ cơ, chuyển đổi mỡ trắng thành mỡ nâu (tăng tiêu hao năng lượng). Irisin tăng khi tập thể dục. Hiến máu có thể làm giảm irisin (do ít vận động) nhưng tạm thời. Liên quan béo phì."
Hiến máu có làm thay đổi tâm trạng (dễ cáu gắt) không?,"Có thể. Hiến máu gây mệt mỏi, thiếu ngủ (nếu hiến buổi tối), hạ đường huyết, dễ dẫn đến cáu gắt, khó chịu. Nghỉ ngơi, ăn uống đủ chất, bổ sung nước. Tâm trạng sẽ cải thiện sau 24-48 giờ."
"Tôi bị bệnh u nang buồng trứng ác tính (cystadenocarcinoma) đã cắt bỏ, có hiến được không?","Ung thư buồng trứng ác tính dễ di căn qua đường máu (phúc mạc, gan, phổi). Dù đã cắt bỏ toàn bộ và hóa trị, nguy cơ tái phát rất cao (70%). Tuyệt đối không hiến máu."
Tại sao tôi bị ho khan sau khi hiến máu?,"Ho khan có thể do kích ứng phế quản bởi tư thế nằm ngửa lâu (kích thích thần kinh phế vị), hoặc do không khí khô trong phòng hiến. Uống nước ấm, ngậm kẹo ho. Nếu ho kéo dài >1 tuần, khám loại trừ hen, trào ngược dạ dày."
Vai trò của chỉ số Myostatin,"Myostatin ức chế phát triển cơ. Myostatin thấp làm cơ to bất thường (double-muscled cattle). Xét nghiệm myostatin dùng trong nghiên cứu teo cơ, béo phì. Không liên quan hiến máu."
Hiến máu có ảnh hưởng đến kết quả nội soi dạ dày không?,"Không. Nội soi dạ dày đánh giá niêm mạc dạ dày, HP. Hiến máu không ảnh hưởng đến hình ảnh nội soi. Tuy nhiên, nếu bạn thiếu máu nặng do loét dạ dày, nội soi sẽ thấy ổ loét, nhưng hiến máu không gây loét."
"Tôi bị bệnh u tuyến yên (Pituitary adenoma) đã mổ, có hiến được không?","U tuyến yên thường lành tính, nhưng có thể gây rối loạn nội tiết (tăng prolactin, GH, ACTH). Sau mổ, nếu không suy tuyến yên (đang dùng hormone thay thế: cortisol, thyroxine), và không dùng thuốc ức chế miễn dịch, bạn có thể hiến máu. Tuy nhiên, cần đánh giá sức khỏe toàn diện."
Tại sao tôi bị đau đầu vùng chẩm (sau gáy) sau hiến máu?,"Đau đầu vùng chẩm có thể do co cơ chẩm (tension headache) do lo lắng, căng thẳng, hoặc tư thế nằm gây chèn ép dây thần kinh chẩm. Massage gáy, chườm ấm, uống nước. Hết sau 1-2 ngày. Nếu đau đập mạnh, nôn, cần đo huyết áp."
Vai trò của chỉ số TGF-β (Transforming growth factor beta),"TGF-β là cytokine điều hòa tăng sinh tế bào, viêm, xơ hóa. Cao trong xơ tủy, xơ gan, suy thận. Xét nghiệm không thường quy. Hiến máu có thể làm giảm TGF-β nhờ giảm sắt. Không chẩn đoán."
Hiến máu có làm tăng nguy cơ bị hen suyễn không?,"Không có bằng chứng. Hen suyễn là bệnh viêm đường thở mạn, liên quan di truyền, dị ứng. Hiến máu không làm khởi phát hen. Tuy nhiên, nếu bạn lo lắng, căng thẳng có thể gây cơn hen cấp. Mang theo thuốc xịt cắt cơn nếu cần."
"Tôi bị bệnh u tế bào ưa crom (Pheochromocytoma) đã mổ, có hiến được không?","Pheochromocytoma là u tủy thượng thận tiết catecholamin (adrenalin, noradrenalin), gây tăng huyết áp kịch phát, nhồi máu cơ tim. Dù đã mổ, nguy cơ tái phát có thể 10-20% (di căn). Bạn không được hiến máu. Theo dõi huyết áp và xét nghiệm metanephrines định kỳ."
Tại sao tôi bị đau khớp gối sau khi hiến máu?,"Đau khớp gối không liên quan trực tiếp. Nguyên nhân: 1) Bạn ngồi xổm hoặc đứng lâu trước khi hiến. 2) Bạn bị viêm khớp dạng thấp, thoái hóa khớp khởi phát cơn. 3) Mất nước làm giảm dịch khớp, tăng ma sát. Uống đủ nước, nghỉ ngơi, chườm ấm."
Vai trò của chỉ số YKL-40 (Chitinase-3-like protein 1),"YKL-40 là dấu ấn viêm, tăng trong xơ vữa động mạch, viêm xương khớp, ung thư. Tăng trong nhiều bệnh, không đặc hiệu. Xét nghiệm nghiên cứu. Không liên quan hiến máu."
Hiến máu có ảnh hưởng đến kết quả điện tâm đồ (ECG) không?,"Không đáng kể. Hiến máu làm nhịp tim tăng nhẹ, có thể thay đổi sóng T (do hạ kali). Tuy nhiên, ECG vẫn được đọc bình thường. Nếu ECG có bất thường mới (block nhánh, ST chênh), cần khám tim mạch."
"Tôi bị bệnh u trung thất (Thymoma) đã mổ, có hiến được không?","U tuyến ức (thymoma) là u hiếm, có thể lành hoặc ác. Di căn qua đường máu hiếm gặp, nhưng có thể tái phát tại chỗ. Nếu đã mổ cắt bỏ hoàn toàn, không có bệnh nhược cơ (myasthenia gravis), không dùng thuốc ức chế miễn dịch, bạn có thể được hiến máu sau 5 năm. Cần bác sĩ đánh giá."
Tại sao tôi bị đau bắp chân sau khi hiến máu?,"Đau bắp chân có thể do chuột rút (mất điện giải), do ngồi lâu không di chuyển (tư thế đứng lấy máu trong 15 phút), hoặc do thiếu máu cơ (giảm oxy). Đi lại nhẹ nhàng, uống nước điện giải, bấm huyệt. Nếu đau kèm sưng nóng đỏ, có thể viêm tắc tĩnh mạch nông (hiếm)."
Vai trò của chỉ số Pentraxin-3 (PTX3),"PTX3 là protein pha cấp, tăng trong viêm mạch, nhồi máu cơ tim, nhiễm khuẩn huyết. Nhanh hơn CRP. Xét nghiệm trong nghiên cứu. Không liên quan hiến máu."
Hiến máu có làm thay đổi khứu giác không?,"Không. Khứu giác liên quan đến dây thần kinh số I, thường bị ảnh hưởng bởi viêm mũi xoang, COVID-19, chấn thương đầu. Hiến máu không ảnh hưởng. Nếu bạn mất khứu giác sau hiến, rất có thể bạn bị nhiễm COVID-19 trùng hợp."
"Tôi bị bệnh u mạch máu (Hemangioma) kích thước lớn ở gan, có hiến được không?","U máu gan là u lành tính, không di căn, không liên quan đến máu lưu thông. Bạn vẫn có thể hiến máu bình thường nếu u không gây triệu chứng (đau, vỡ, suy gan). Nếu u máu lớn >5cm và có nguy cơ vỡ, bạn không nên hiến (tránh tụt huyết áp làm vỡ u). Hỏi bác sĩ chuyên khoa gan."
Tại sao tôi bị đau tức ngực sau khi hiến máu?,"Đau tức ngực (angina-like) cần được xem xét nghiêm túc. Nguyên nhân: 1) Lo âu, tăng thông khí. 2) Co thắt thực quản. 3) Thiếu máu cơ tim (hiếm, nhưng nếu bạn có bệnh mạch vành). Nếu đau lan lên vai trái, khó thở, toát mồ hôi, hãy cấp cứu ngay. Nếu chỉ hơi tức, không lan, hết nhanh, có thể lành tính."
Vai trò của chỉ số S100B,"S100B là protein trong tế bào thần kinh đệm (astrocyte), tăng trong tổn thương não (chấn thương sọ não, xuất huyết não, u não). Xét nghiệm S100B giúp loại trừ tổn thương não cấp (giá trị âm tính cao). Không liên quan hiến máu."
"Tôi bị bệnh u nang ống mật chủ (Choledochal cyst) đã phẫu thuật, có hiến máu được không?","U nang ống mật chủ là bệnh lý bẩm sinh, nếu đã cắt bỏ hoàn toàn và tái tạo đường mật, không còn viêm đường mật tái phát, không xơ gan, men gan bình thường, bạn vẫn có thể hiến máu. Tuy nhiên, nếu có biến chứng viêm đường mật kéo dài (gây thiếu máu viêm mạn), bạn sẽ không đủ sức khỏe."
Tại sao tôi bị tê bì đầu ngón chân sau khi hiến máu?,"Tê bì đầu ngón chân có thể do thiếu vitamin B12 (cơ thể cần B12 để tạo hồng cầu). Hiến máu kích thích tạo hồng cầu mới, làm giảm nhẹ dự trữ B12 ở người ăn chay trường. Cũng có thể do tư thế nằm gây chèn ép dây thần kinh mác (peroneal nerve). Bổ sung B12, thay đổi tư thế. Hết sau vài ngày."
Vai trò của chỉ số Adrenomedullin,"Adrenomedullin là chất giãn mạch, tăng trong sốc nhiễm khuẩn, suy tim, tăng huyết áp phổi. Xét nghiệm adrenomedullin có tiên lượng tử vong trong sốc. Không liên quan hiến máu. Hiến máu làm giảm nhẹ adrenomedullin (do giảm thể tích)."
Hiến máu có ảnh hưởng đến kết quả chụp cộng hưởng từ (MRI) không?,"Không. MRI dùng từ trường, không liên quan đến thành phần máu. Tuy nhiên, nếu bạn bị thiếu máu nặng sau hiến (không có), hình ảnh MRI không thay đổi. Bạn có thể chụp MRI ngay sau hiến mà không cần lo lắng."
Tôi bị bệnh loạn sản sụn xương (Osteochondrodysplasia) có hiến máu được không?,"Loạn sản sụn xương là nhóm bệnh di truyền gây lùn, biến dạng xương, thường không ảnh hưởng đến hệ tạo máu. Nếu không có suy hô hấp (lồng ngực biến dạng chèn ép tim phổi), không có bệnh lý máu kèm theo (suy tủy xương?), bạn vẫn có thể hiến máu. Tuy nhiên, nhiều trung tâm từ chối vì khó lấy tĩnh mạch (tay chân ngắn, cong)."
Tại sao tôi bị nổi mề đay toàn thân sau khi hiến máu 2 giờ?,"Nổi mề đay toàn thân là phản ứng dị ứng cấp (type I) có thể do: 1) Dị ứng với dung dịch sát khuẩn (cồn, betadine) bôi trên da. 2) Dị ứng với băng keo hoặc chất gây tê (nếu có). 3) Dị ứng với chất chống đông (citrate) cực kỳ hiếm. Điều trị bằng thuốc kháng histamin (Loratadine, Cetirizine), bôi kem chống ngứa. Nếu khó thở, phù môi/mắt → cấp cứu."
Vai trò của chỉ số Orexin,"Orexin (hypocretin) là neuropeptide điều hòa thức tỉnh, ham muốn ăn. Thiếu orexin gây chứng ngủ rũ (narcolepsy). Hiến máu có thể làm giảm orexin (do mệt), nhưng tạm thời. Xét nghiệm orexin trong dịch não tủy chẩn đoán narcolepsy."
Hiến máu có giúp giảm nguy cơ mắc bệnh Parkinson không?,"Một số nghiên cứu dịch tễ cho thấy người hiến máu thường xuyên có tỷ lệ Parkinson thấp hơn, nhưng mối liên hệ chưa rõ (có thể do người hiến máu lối sống lành mạnh hơn). Giảm sắt dự trữ (yếu tố nguy cơ Parkinson) có thể đóng vai trò bảo vệ. Tuy nhiên, không đủ bằng chứng khuyến cáo hiến máu để phòng Parkinson."
"Tôi bị bệnh áp-xe gan do amip (Entamoeba histolytica) đã điều trị, khi nào hiến máu?","Áp-xe gan do amip thường lành tính sau điều trị Metronidazole. Tuy nhiên, amip có thể tồn tại dưới dạng bào nang trong gan và đại tràng. Bạn cần hoãn hiến ít nhất 2 năm sau khi khỏi bệnh (hết sốt, hết đau, siêu âm ổ áp-xe đã biến mất hoặc xơ hóa) và có xét nghiệm kháng thể amip âm tính."
Tại sao tôi bị ra mồ hôi lạnh và buồn nôn nhưng không choáng?,"Ra mồ hôi lạnh (cold sweat) và buồn nôn là dấu hiệu của phản ứng phó giao cảm thể nhẹ (vasovagal reaction). Bạn chưa đến mức choáng (mất ý thức). Nguyên nhân: nhìn thấy máu, đau, lo lắng. Nằm nghỉ, nâng cao chân, uống nước đường, thở sâu. Sẽ hết trong 10-15 phút. Không nguy hiểm."
Vai trò của chỉ số Neopterin,"Neopterin là dấu ấn kích hoạt đại thực bào, tăng trong nhiễm virus (HIV, CMV, EBV), ung thư, bệnh tự miễn. Xét nghiệm neopterin theo dõi tiến triển HIV (không dùng phổ biến). Hiến máu làm tăng neopterin nhẹ (do viêm)."
Hiến máu có ảnh hưởng đến kết quả xét nghiệm kháng thể kháng thân (ANA) không?,"Không. ANA dương tính trong bệnh tự miễn (lupus, xơ cứng bì). Hiến máu không làm thay đổi ANA. Nếu bạn bị bệnh tự miễn, bạn thường bị loại khỏi danh sách hiến máu vì lý do an toàn (thuốc ức chế miễn dịch, kháng thể bất thường)."
"Tôi bị bệnh thoát vị cơ hoành bẩm sinh (CDH) đã mổ, có hiến được không?","Thoát vị cơ hoành bẩm sinh thường được phẫu thuật ngay sau sinh, có thể để lại di chứng: phổi kém phát triển (hypoplasia), tăng áp phổi, trào ngược dạ dày. Nếu bạn trưởng thành, không suy hô hấp, không suy tim, bạn có thể hiến máu. Cần đánh giá chức năng hô hấp (spirometry) trước."
Tại sao tôi bị khát nước bất thường sau khi hiến máu?,"Khát nước nhiều (polydipsia) là phản ứng bình thường do cơ thể mất dịch. Uống nước, sau vài giờ hết. Nếu khát kéo dài >24 giờ, uống nhiều >5 lít/ngày, kèm tiểu nhiều, sụt cân, có thể bạn bị đái tháo đường (tiểu đường) khởi phát trùng hợp. Xét nghiệm đường huyết và HbA1c."
Vai trò của chỉ số Yếu tố H (Factor H),"Yếu tố H là chất điều hòa bổ thể, ngăn chặn hoạt hóa bổ thể bừa bãi trên bề mặt tế bào bình thường. Thiếu yếu tố H gây hội chứng tan máu urê huyết không điển hình (aHUS), bệnh lý cầu thận. Xét nghiệm yếu tố H ít dùng."
Hiến máu có làm giảm ham muốn tình dục ở phụ nữ không?,"Không có bằng chứng. Ham muốn tình dục nữ liên quan đến estrogen, testosterone, tâm lý, sức khỏe tổng thể. Hiến máu gây mệt mỏi tạm thời (vài ngày) có thể làm giảm ham muốn nhất thời, nhưng không lâu dài. Sau khi phục hồi, ham muốn trở lại bình thường."
"Tôi bị bệnh ruột xoay (Malrotation) đã mổ, có hiến được không?","Ruột xoay bất thường bẩm sinh, được phẫu thuật cố định ruột (Ladd's procedure). Nếu không có hội chứng ruột ngắn, kém hấp thu, không suy dinh dưỡng, không thiếu máu, bạn vẫn có thể hiến máu. Cần bác sĩ đánh giá tình trạng dinh dưỡng (albumin, ferritin)."
Tại sao tôi bị đau nhức xương sau khi hiến máu?,"Đau nhức xương có thể do tủy xương tăng sinh tạo hồng cầu (hiếm gặp, chỉ xảy ra khi bạn bị thiếu máu nặng từ trước). Bình thường, hiến máu không gây đau xương. Có thể bạn bị viêm khớp, thoái hóa cột sống, hoặc đau cơ xương do mệt. Nếu đau kèm sốt, sút cân, cần khám loại trừ bệnh lý huyết học (đa u tủy, bạch cầu)."
Vai trò của chỉ số Yếu tố I (Factor I),"Yếu tố I (bổ thể) phân hủy C3b và C4b, ngăn chặn hoạt hóa bổ thể quá mức. Thiếu yếu tố I gây nhiễm trùng tái phát, bệnh tự miễn (lupus). Xét nghiệm trong bệnh lý bổ thể hiếm gặp."
Hiến máu có ảnh hưởng đến kết quả đo mật độ xương (DEXA) không?,"Không. Đo mật độ xương bằng DEXA sử dụng tia X, không liên quan đến máu. Thiếu máu không làm sai lệch kết quả. Tuy nhiên, nếu bạn bị thiếu máu do thiếu sắt kéo dài, xương có thể bị loãng (do giảm tạo xương), nhưng hiến máu không đủ gây loãng xương."
"Tôi bị bệnh lõm ngực bẩm sinh (Pectus excavatum) đã phẫu thuật, có hiến được không?","Lõm ngực bẩm sinh có thể chèn ép tim, phổi nếu nặng. Sau phẫu thuật (phương pháp Nuss), nếu không còn khó thở, không suy tim, không mắc bệnh lý mô liên kết (Marfan), bạn có thể hiến máu. Cần kiểm tra chức năng hô hấp trước."
Tại sao tôi bị chảy máu lợi khi đánh răng sau khi hiến máu?,"Chảy máu lợi có thể do bạn bị viêm lợi (gingivitis) từ trước. Hiến máu gây mất nước, làm khô miệng, lợi dễ tổn thương hơn. Ngoài ra, hiến máu không làm giảm tiểu cầu đủ để gây chảy máu lợi. Hãy vệ sinh răng miệng, dùng chỉ nha khoa, gặp nha sĩ. Nếu chảy máu nhiều, kiểm tra tiểu cầu."
Vai trò của chỉ số Yếu tố D (Factor D),"Yếu tố D (adipsin) là enzyme của bổ thể, cần thiết cho hoạt hóa con đường tắt (alternative pathway). Thiếu yếu tố D gây nhiễm khuẩn mủ, đặc biệt viêm màng não mô cầu. Hiếm gặp. Xét nghiệm yếu tố D dùng trong nghiên cứu."
Hiến máu có làm thay đổi kết quả xét nghiệm viêm gan C (HCV RNA) không?,"Không. Xét nghiệm HCV RNA định lượng không bị ảnh hưởng bởi hiến máu. Tuy nhiên, nếu bạn bị viêm gan C, bạn không được hiến máu (kể khi đã điều trị khỏi, tùy chính sách từng nước). Xét nghiệm HCV RNA dùng để theo dõi điều trị."
"Tôi bị bệnh dị ứng thuốc kháng sinh nhóm Cephalosporin, có hiến được không?","Dị ứng Cephalosporin không phải chống chỉ định hiến máu, vì bạn không đang dùng thuốc. Chỉ cần bạn không có triệu chứng dị ứng tại thời điểm hiến (nổi mề đay, khó thở). Dị ứng thuốc không ảnh hưởng đến chất lượng máu. Hãy thông báo với nhân viên y tế để họ chọn dung dịch sát khuẩn phù hợp (nếu bạn dị ứng với betadine, họ dùng cồn)."
Tại sao tôi bị đau hốc mắt sau khi hiến máu?,"Đau hốc mắt (sau nhãn cầu) có thể do tăng áp lực nội sọ nhẹ khi tụt huyết áp? Hoặc do bạn bị viêm xoang (viêm xoàn bướm) trùng hợp. Cũng có thể do mất nước gây khô mắt, kích thích dây thần kinh mắt. Nếu đau dữ dội kèm nhìn đôi, sụp mi, hãy khám bác sĩ mắt (hiếm gặp)."
Vai trò của chỉ số Yếu tố B (Factor B),"Yếu tố B là protein bổ thể, tham gia con đường tắt. Yếu tố B cao gặp trong viêm, nhiễm trùng; thấp gặp trong thiếu hụt bổ thể bẩm sinh gây nhiễm trùng nặng. Xét nghiệm ít dùng."
Hiến máu có ảnh hưởng đến kết quả xét nghiệm tầm soát ung thư cổ tử cung (Pap smear) không?,"Không. Pap smear lấy tế bào cổ tử cung, hoàn toàn độc lập với máu. Hiến máu không ảnh hưởng đến nội tiết hay biểu mô cổ tử cung. Bạn có thể làm Pap smear ngay sau hiến máu, kết quả chính xác."
"Tôi bị bệnh viêm màng bồ đào (Uveitis) do tự miễn, đang dùng Corticoid, có hiến được không?","Viêm màng bồ đào (uveitis) thường được điều trị bằng corticoid uống hoặc tiêm. Nếu bạn dùng corticoid liều cao (>10mg Prednisone/ngày), bạn không được hiến máu. Nếu đã ngừng corticoid ít nhất 1 tháng và bệnh ổn định, không dùng thuốc ức chế miễn dịch khác (Methotrexate, Azathioprine), bạn có thể hiến."
Tại sao tôi bị nấc cụt sau khi hiến máu?,"Nấc cụt (hiccup) do co thắt cơ hoành và cơ thanh môn, thường do kích thích dạ dày (nuốt hơi khi uống nước nhanh), hoặc do kích thích dây thần kinh phế vị (căng thẳng, lo sợ). Nấc cụt thường tự hết sau vài phút. Uống nước từ từ, nín thở, hoặc hít thở sâu vào túi giấy."
Vai trò của chỉ số Mannose-binding lectin (MBL),"MBL là protein gắn mannose, hoạt hóa bổ thể qua lectin pathway. Thiếu MBL gây nhiễm trùng tái phát ở trẻ em (viêm phổi, viêm màng não). Người thiếu MBL vẫn có thể hiến máu vì không ảnh hưởng đến người nhận (trừ khi người nhận suy giảm miễn dịch nặng?). Hầu hết trung tâm không xét nghiệm MBL."
Hiến máu có làm tăng nguy cơ sỏi thận không?,"Một số nghiên cứu cho thấy hiến máu làm giảm nguy cơ sỏi thận (do giảm sắt, giảm stress oxy hóa trong thận). Tuy nhiên, nếu bạn mất nước sau hiến (uống không đủ), nước tiểu cô đặc, có thể tăng nguy cơ sỏi oxalate. Uống đủ 2-3 lít nước/ngày sau hiến là an toàn."
Tại sao tôi bị mụn nhọt ở cánh tay sau hiến máu?,"Mụn nhọt (furuncle) do tụ cầu vàng (Staph aureus) xâm nhập qua nang lông. Vị trí gần vết kim có thể do vô trùng không tuyệt đối, hoặc do bạn tự gãi, chạm tay bẩn vào vết thương. Nếu sưng đỏ, đau, mưng mủ, cần điều trị kháng sinh (bôi hoặc uống). Tránh nặn."
Vai trò của chỉ số Calprotectin,"Calprotectin là protein từ bạch cầu trung tính, tăng trong viêm ruột (Crohn, viêm loét đại tràng). Xét nghiệm calprotectin trong phân chẩn đoán bệnh viêm ruột. Không liên quan hiến máu. Hiến máu làm tăng calprotectin huyết thanh (do viêm nhẹ?), nhưng ít dùng."
Hiến máu có ảnh hưởng đến kết quả chụp nhũ ảnh (mammogram) không?,"Không. Chụp vú (mammogram) phát hiện khối u, vi vôi hóa. Hiến máu không ảnh hưởng đến mô vú. Tuy nhiên, nếu bạn bị thiếu máu (da xanh xao), hình ảnh không thay đổi. Bạn có thể chụp mammogram bất kỳ lúc nào."
"Tôi bị bệnh sa van hai lá (Mitral valve prolapse) không hở van, có hiến được không?","Sa van hai lá nhẹ, không hở van, không rối loạn nhịp tim, không dùng thuốc chống đông (Warfarin). Bạn hoàn toàn có thể hiến máu. Nếu có hở van nhẹ, vẫn được nếu không suy tim. Cần được bác sĩ tim mạch xác nhận."
Tại sao tôi bị tê cóng đầu ngón tay sau hiến máu trong phòng lạnh?,"Hiến máu trong phòng điều hòa lạnh (22°C) kết hợp với mất máu làm giảm tuần hoàn ngoại biên, dễ bị tê cóng ngón tay. Mặc áo ấm, mang găng tay, uống nước ấm. Hiện tượng tạm thời. Nếu tê kéo dài kèm đau, thay đổi màu sắc (trắng, tím), có thể là hội chứng Raynaud. Cần khám."
Vai trò của chỉ số ProGRP (Pro-gastrin-releasing peptide),ProGRP là dấu ấn ung thư phổi tế bào nhỏ (SCLC). Xét nghiệm ProGRP cao gợi ý SCLC. Không liên quan hiến máu. Bệnh nhân SCLC không được hiến máu.
Hiến máu có làm giảm nguy cơ biến chứng mạch máu ở bệnh nhân tiểu đường không?,"Bệnh nhân tiểu đường kiểm soát tốt (HbA1c <7%) vẫn được hiến máu. Hiến máu làm giảm độ nhớt máu, cải thiện vi tuần hoàn, có thể giảm nguy cơ biến chứng vi mạch (võng mạc, thận). Tuy nhiên, chưa có nghiên cứu lớn. Kiểm soát đường huyết vẫn là quan trọng nhất."
Tôi bị bệnh đa nang thận (Autosomal dominant polycystic kidney disease) có hiến được không?,"Đa nang thận (ADPKD) thường tiến triển suy thận muộn, tăng huyết áp. Ở giai đoạn sớm (chức năng thận bình thường, không tăng huyết áp, không thiếu máu), bạn có thể hiến máu. Tuy nhiên, nếu đã có suy thận (creatinin cao, Hb thấp), bạn không được hiến. Cần theo dõi huyết áp và chức năng thận định kỳ."
Tại sao tôi bị đau lưng dưới sau khi hiến máu?,"Đau lưng dưới (thắt lưng) có thể do tư thế nằm sấp/ngửa không đúng, gây căng cơ cạnh cột sống. Hoặc do bệnh lý thận (sỏi thận) trùng hợp, do mất nước làm cơn đau quặn thận khởi phát. Uống nước, xoa bóp, chườm ấm. Nếu đau dữ dội, kèm tiểu máu, sốt, cần khám."
Vai trò của chỉ số SCC (Squamous cell carcinoma antigen),"SCC là dấu ấn ung thư biểu mô vảy (cổ tử cung, phổi, thực quản). Tăng trong ung thư, cũng tăng trong bệnh da (vảy nến, chàm). Bệnh nhân SCC không được hiến máu."
Hiến máu có ảnh hưởng đến kết quả xét nghiệm ADN (genetic testing) không?,"Không. Xét nghiệm ADN từ bạch cầu máu ngoại vi, hiến máu không thay đổi cấu trúc ADN (trừ khi bạn vừa tiếp xúc phóng xạ liều cao). Bạn có thể làm xét nghiệm di truyền bất cứ lúc nào."
"Tôi bị bệnh thiểu sản thận (Renal hypoplasia) một bên, thận còn lại bù, có hiến được không?","Thiểu sản thận bẩm sinh (một bên thận nhỏ), nếu thận còn lại bù tốt (chức năng thận bình thường: creatinin bình thường, không protein niệu, huyết áp bình thường), bạn vẫn có thể hiến máu. Tuy nhiên, cần thận trọng vì mất dịch có thể ảnh hưởng nhẹ đến chức năng thận. Nên uống đủ nước trước và sau hiến."
Tại sao tôi bị ho ra đờm có vệt máu sau khi hiến máu?,"Ho ra đờm lẫn máu (hemoptysis) không liên quan đến hiến máu. Nguyên nhân: viêm phế quản cấp, giãn phế quản, lao phổi, hoặc ung thư phổi (hiếm). Nếu bạn chưa từng ho ra máu trước đây, cần khám phổi ngay. Hiến máu không phải nguyên nhân."
Vai trò của chỉ số NSE (Neuron-specific enolase),"NSE là dấu ấn u thần kinh (u nguyên bào thần kinh, u tế bào nhỏ phổi). Tăng trong bệnh lý não (tai biến mạch máu não, xuất huyết não) cấp. Không liên quan hiến máu. Bệnh nhân u thần kinh không hiến máu."
Hiến máu có làm thay đổi kết quả xét nghiệm vi khuẩn lao (Quantiferon) không?,"Không. Quantiferon đo phản ứng miễn dịch tế bào với kháng nguyên lao. Hiến máu không ảnh hưởng đến tế bào lympho đủ để làm sai kết quả. Bạn có thể làm Quantiferon sau hiến máu 1-2 ngày. Nếu dương tính, bạn không bị loại trừ hiến máu (vì lao tiềm ẩn không lây qua đường máu), nhưng nếu lao hoạt động, bạn bị hoãn."
"Tôi bị bệnh lupus ban đỏ da (Discoid lupus) không ảnh hưởng nội tạng, có hiến được không?","Lupus da (discoid) chỉ giới hạn ở da, không có kháng thể toàn thân (ANA thường âm tính hoặc yếu), không suy thận, không thiếu máu. Bạn có thể hiến máu nếu không dùng corticoid toàn thân, không dùng thuốc ức chế miễn dịch (Hydroxychloroquine vẫn được chấp nhận)."
Tại sao tôi bị đau dạ dày sau khi hiến máu?,"Đau dạ dày có thể do bạn uống nước lạnh quá nhiều sau hiến (kích thích dạ dày). Hoặc do bạn bị viêm loét dạ dày từ trước, căng thẳng (hiến máu) làm tăng tiết acid. Ăn cháo ấm, uống sữa ấm, dùng thuốc kháng acid (nếu cần). Nếu đau dữ dội, đi ngoài phân đen, cần khám."
Vai trò của chỉ số Chromogranin A (CgA),"CgA là dấu ấn u thần kinh nội tiết (carcinoid, pheochromocytoma, u tụy nội tiết). Tăng cũng gặp trong suy tim, viêm mạn. Bệnh nhân u thần kinh nội tiết không hiến máu."
Hiến máu có ảnh hưởng đến kết quả sinh thiết cơ (muscle biopsy) không?,"Không. Sinh thiết cơ lấy mẫu cơ, đánh giá các bệnh lý cơ (viêm cơ, loạn dưỡng). Hiến máu không ảnh hưởng đến cấu trúc cơ. Tuy nhiên, nếu bạn bị viêm cơ (corticoid, methotrexate), bạn bị loại khỏi danh sách hiến."
"Tôi bị bệnh thủy đậu (Varicella) sau khi tiêm vắc xin, có hiến được không?","Bạn bị thủy đậu sau tiêm vắc xin (breakthrough varicella) do virus hoang dại. Bạn cần hoãn hiến cho đến khi khỏi hoàn toàn (các mụn nước đã đóng vảy khô) và đã qua 14 ngày từ khi mọc mụn cuối cùng. Thủy đậu nặng (viêm phổi, viêm não) phải hoãn 6 tháng."
Tại sao tôi bị sưng môi sau khi hiến máu?,"Sưng môi (angioedema) có thể là phản ứng dị ứng nghiêm trọng với chlorhexidine (chất sát khuẩn), hoặc với cao su (găng tay, băng keo), hoặc với chất chống đông (citrate). Nếu kèm khó thở, phù thanh quản, cần cấp cứu (tiêm epinephrine). Nếu chỉ sưng môi nhẹ, dùng kháng histamin, theo dõi. Báo ngay cho nhân viên y tế."
Vai trò của chỉ số HE4 (Human epididymis protein 4),"HE4 là dấu ấn ung thư buồng trứng, đặc hiệu hơn CA125. Tăng trong ung thư buồng trứng, u nang buồng trứng, lạc nội mạc tử cung. Bệnh nhân ung thư buồng trứng không hiến máu."
Hiến máu có làm tăng nguy cơ tái phát bệnh zona (giời leo) không?,"Không. Zona tái phát do suy giảm miễn dịch (tuổi già, HIV, stress). Hiến máu làm giảm nhẹ bạch cầu trong vài ngày, nhưng không đủ để gây tái phát zona. Nếu bạn bị zona, hãy hoãn hiến cho đến khi khỏi (vảy khô). Sau đó, hiến bình thường."
Tôi bị bệnh viêm cầu thận IgA (Berger's disease) có hiến được không?,"Viêm cầu thận IgA (IgAN) thể nhẹ (protein niệu <0.5g/ngày, creatinin bình thường, không tăng huyết áp), bạn có thể hiến máu. Tuy nhiên, nếu có suy thận (creatinin tăng, Hb giảm) hoặc dùng thuốc ức chế miễn dịch (Corticoid, Mycophenolate), bạn không được hiến. Cần bác sĩ thận học đánh giá."
Tại sao tôi bị đau tức vùng xương ức sau khi hiến máu?,"Đau xương ức có thể do tư thế nằm sấp chèn ép xương ức, hoặc do viêm sụn sườn (costochondritis) trùng hợp. Hiến máu không gây đau xương ức. Nếu đau kèm khó thở, sốt, cần khám loại trừ viêm màng ngoài tim, nhồi máu cơ tim (hiếm)."
Vai trò của chỉ số Cyfra 21-1,Cyfra 21-1 là dấu ấn ung thư phổi không tế bào nhỏ (NSCLC). Tăng trong ung thư biểu mô vảy phổi. Bệnh nhân ung thư phổi không hiến máu.
Hiến máu có ảnh hưởng đến kết quả xét nghiệm Canxi máu không?,"Hiến máu toàn phần làm giảm nhẹ canxi (do citrate chống đông không đi vào cơ thể). Hiến tiểu cầu gạn tách (có citrate trả về) làm giảm canxi tạm thời (hạ canxi máu). Xét nghiệm canxi ngay sau hiến tiểu cầu có thể bị giảm giả tạo. Nên xét nghiệm canxi sau 24 giờ. Nếu hạ canxi có triệu chứng (tê, chuột rút), uống canxi."
"Tôi bị bệnh thận đái tháo đường (Diabetic nephropathy) giai đoạn sớm, có hiến được không?","Bệnh thận đái tháo đường giai đoạn sớm (microalbumin niệu 30-300 mg/ngày, eGFR >60, Hb bình thường, không phù). Nếu kiểm soát tốt đường huyết (HbA1c<7%), huyết áp (<130/80), bạn có thể hiến máu. Tuy nhiên, nếu có thiếu máu do bệnh thận (Hb <120), bạn không được hiến."
Tại sao tôi bị đau cơ delta (vai) sau khi hiến máu?,"Đau cơ delta (cơ vai) do bạn giữ cánh tay duỗi thẳng, co cứng cơ trong 10-15 phút. Thả lỏng, xoa bóp, duỗi vai nhẹ nhàng. Hết sau 1-2 ngày. Không phải viêm gân."
Vai trò của chỉ số CA 19-9,"CA 19-9 là dấu ấn ung thư tụy, đường mật, đại trực tràng. Cũng tăng trong viêm tụy, viêm đường mật, xơ gan. Bệnh nhân ung thư tụy không hiến máu."
Hiến máu có làm thay đổi kết quả xét nghiệm Coombs gián tiếp (IAT) không?,IAT phát hiện kháng thể bất thường trong huyết thanh. Hiến máu (lấy 350ml) không ảnh hưởng đến nồng độ kháng thể. Bạn vẫn có thể làm IAT sau hiến. IAT dương tính (ví dụ kháng thể anti-D ở phụ nữ Rh- có thai) không loại bạn khỏi danh sách hiến máu (nhưng bạn sẽ không được nhận máu Rh+ nếu cần truyền).
"Tôi bị bệnh sán chó (Toxocara canis) đã điều trị, khi nào hiến máu?","Sán chó (toxocariasis) có thể gây viêm nội tạng, viêm não. Sau điều trị (Albendazole 5 ngày), bạn cần hoãn hiến ít nhất 2 năm và có xét nghiệm kháng thể Toxocara IgG âm tính hoặc giảm 4 lần. Ấu trùng sán có thể tồn tại trong cơ thể nhiều năm."
Tại sao tôi bị sưng hạch cổ sau khi hiến máu?,"Hạch cổ sưng do phản ứng viêm (có thể do nhiễm trùng răng miệng, viêm họng trùng hợp). Hiến máu không gây sưng hạch. Nếu hạch to, cứng, không đau, nhiều hạch kèm sốt, sụt cân, cần khám loại trừ u lympho, bệnh lý ác tính."
Vai trò của chỉ số CA 125,"CA 125 là dấu ấn ung thư buồng trứng, tăng cũng trong lạc nội mạc tử cung, u nang buồng trứng lành, viêm vùng chậu, suy tim, gan. Bệnh nhân ung thư buồng trứng không hiến máu."
Hiến máu có ảnh hưởng đến kết quả xét nghiệm tế bào học nước tiểu (urine cytology) không?,"Không. Xét nghiệm tế bào học nước tiểu tìm tế bào ung thư bàng quang (tế bào chuyển tiếp). Hiến máu không ảnh hưởng. Nếu bạn có tiểu máu, cần khám chuyên khoa tiết niệu. Hiến máu không gây tiểu máu."
Tôi bị bệnh suy tĩnh mạch mạn (CVI) có hiến được không?,"Suy tĩnh mạch mạn (Chronic venous insufficiency) gây phù chân, loét chân, thường kèm viêm da. Nếu không bị loét chân, không dùng thuốc chống đông (Warfarin, Rivaroxaban), không bị thiếu máu (do viêm mạn), bạn vẫn có thể hiến máu. Tuy nhiên, nên chọn bên cánh tay không bị suy tĩnh mạch để lấy máu."
Tại sao tôi bị cảm giác nóng bỏng ở lòng bàn chân sau hiến máu?,"Cảm giác nóng bỏng lòng bàn chân có thể do bệnh lý thần kinh ngoại biên (tiểu đường, thiếu B12, suy thận). Hiến máu có thể làm khởi phát triệu chứng do giảm oxy máu ngoại vi. Nếu bị tiểu đường, kiểm soát đường huyết. Bổ sung B12. Nếu không rõ nguyên nhân, khám nội thần kinh."
Vai trò của chỉ số AFP (Alpha-fetoprotein),"AFP là dấu ấn ung thư gan (HCC), ung thư tế bào mầm (tinh hoàn, buồng trứng), cũng tăng trong viêm gan, xơ gan, thai phụ. Bệnh nhân ung thư gan không hiến máu."
Hiến máu có làm thay đổi kết quả xét nghiệm áp lực thẩm thấu máu (osmolality) không?,"Osmolality máu phụ thuộc vào Natri, Glucose, Ure. Hiến máu gây mất nước (nếu bạn uống không đủ), osmolality tăng nhẹ. Uống đủ nước sẽ bình thường. Nếu bạn bị đái tháo nhạt (tiểu nhiều, khát nhiều), hiến máu có thể làm nặng thêm. Cần khám trước."
"Tôi bị bệnh viêm mạch dị ứng (Hypersensitivity vasculitis) do thuốc, đã khỏi, có hiến được không?","Viêm mạch dị ứng thường tự khỏi sau khi ngừng thuốc gây bệnh (kháng sinh, NSAIDs). Sau khi khỏi hoàn toàn (hết ban, không còn tổn thương nội tạng) ít nhất 6 tháng, bạn có thể hiến máu. Nếu viêm mạch tái phát, cần điều trị corticoid, bạn sẽ bị hoãn."
Tại sao tôi bị rụng lông mày sau khi hiến máu?,"Rụng lông mày (madarosis) không liên quan hiến máu. Nguyên nhân: suy giáp, lupus, bệnh phong, viêm da cơ, hoặc do tuổi tác. Khám nội tiết, miễn dịch. Hiến máu không ảnh hưởng đến nang lông."
Vai trò của chỉ số CA 15-3,"CA 15-3 là dấu ấn ung thư vú, tăng trong ung thư vú di căn, cũng tăng trong viêm gan, sarcoidosis. Bệnh nhân ung thư vú không hiến máu. Hiến máu không ảnh hưởng CA 15-3."
Hiến máu có ảnh hưởng đến kết quả xét nghiệm khí máu động mạch (ABG) không?,"ABG lấy máu động mạch (quay, bẹn), đánh giá pH, PaO2, PaCO2. Hiến máu (tĩnh mạch) không ảnh hưởng. Tuy nhiên, nếu bạn hiến máu xong mệt, thở nhanh, PaCO2 giảm (kiềm hô hấp), kết quả ABG có thể thay đổi tạm thời. Nên làm ABG khi cơ thể ổn định."
"Tôi bị bệnh hoại tử xương hàm (Osteonecrosis of the jaw) do thuốc Bisphosphonate, có hiến được không?","Hoại tử xương hàm thường do dùng Bisphosphonate (Alendronate, Zoledronate) điều trị loãng xương hoặc ung thư di căn xương. Bệnh nhân loãng xương dùng Alendronate vẫn có thể hiến máu vì thuốc không ảnh hưởng đến máu. Tuy nhiên, nếu có ung thư (đa u tủy, ung thư vú di căn), bạn không được hiến."
Tại sao tôi bị đau tức vùng hạ sườn phải sau khi hiến máu?,"Đau hạ sườn phải (gan, túi mật) có thể do sỏi túi mật, viêm gan, hoặc do căng cơ liên sườn. Hiến máu không gây đau gan. Nếu đau kèm vàng da, sốt, nôn, cần khám siêu âm bụng. Nếu chỉ hơi tức, có thể do tư thế nằm."
Vai trò của chỉ số CA 27.29,"CA 27.29 là dấu ấn ung thư vú, tương tự CA 15-3. Theo dõi điều trị ung thư vú. Bệnh nhân ung thư vú không hiến máu."
Hiến máu có làm thay đổi kết quả xét nghiệm fibrinogen không?,"Hiến máu toàn phần không ảnh hưởng. Hiến huyết tương (plasmapheresis) loại bỏ một lượng fibrinogen, có thể làm giảm fibrinogen huyết thanh tạm thời, nhưng fibrinogen được tổng hợp nhanh (24-48 giờ). Xét nghiệm fibrinogen nên làm sau 48 giờ."
"Tôi bị bệnh viêm mạch máu não (Cerebral vasculitis) đã khỏi, có hiến được không?","Viêm mạch não thường do bệnh tự miễn (lupus, viêm khớp dạng thấp, u hạt Wegener). Bệnh nhân dùng corticoid, cyclophosphamide (ức chế miễn dịch mạnh). Không được hiến máu. Ngay cả khi đã khỏi, nếu vẫn dùng thuốc ức chế miễn dịch, chống chỉ định."
Tại sao tôi bị chảy máu mũi khi thay đổi tư thế?,"Chảy máu mũi (epistaxis) khi cúi đầu hoặc nghiêng (do tăng áp lực tĩnh mạch mũi). Niêm mạc mũi khô (mất nước) dễ vỡ mao mạch. Hiến máu làm giảm tiểu cầu? Không (tiểu cầu không giảm). Ngậm đá viên, bóp mũi, ngồi thẳng. Nếu chảy máu thường xuyên, cần kiểm tra tiểu cầu, đo huyết áp."
Vai trò của chỉ số CEA (Carcinoembryonic antigen),"CEA là dấu ấn ung thư đại trực tràng, phổi, tụy, vú. Tăng trong hút thuốc lá, viêm gan, viêm tụy, COPD. Bệnh nhân ung thư đại trực tràng không hiến máu."
"Hiến máu có ảnh hưởng đến kết quả xét nghiệm T3, T4, TSH không?","Không ảnh hưởng đáng kể. Hiến máu gây stress nhẹ, có thể làm giảm TSH tạm thời (vài giờ), nhưng T3, T4 tự do không đổi. Nên xét nghiệm tuyến giáp khi cơ thể ổn định, không lo lắng. Kết quả tin cậy."
Tôi bị bệnh loạn dưỡng giác mạc (Corneal dystrophy) có hiến được không?,"Loạn dưỡng giác mạc thường do di truyền, không ảnh hưởng hệ thống. Bạn hoàn toàn có thể hiến máu bình thường. Loạn dưỡng giác mạc không liên quan đến bệnh máu."
Tại sao tôi bị đau nhức răng sau khi hiến máu?,"Đau nhức răng có thể do bạn bị viêm tủy răng từ trước, căng thẳng (hiến máu) làm nặng thêm. Hoặc do bạn nghiến răng (lo lắng) gây đau cơ nhai lan lên răng. Khám nha sĩ. Hiến máu không gây sâu răng."
Vai trò của chỉ số CA 72-4,"CA 72-4 là dấu ấn ung thư dạ dày, ung thư buồng trứng. Tăng ít trong u lành. Bệnh nhân ung thư dạ dày không hiến máu."
Hiến máu có làm tăng nguy cơ bị bệnh tự kỷ không?,"Tuyệt đối không. Bệnh tự kỷ (autism) là rối loạn phát triển thần kinh từ nhỏ, liên quan di truyền, môi trường. Hiến máu không gây hoặc làm nặng tự kỷ. Người trưởng thành tự kỷ nếu khỏe mạnh, không dùng thuốc ức chế miễn dịch, vẫn có thể hiến máu."
"Tôi bị bệnh viêm cơ tim (Myocarditis) đã khỏi hoàn toàn 2 năm, có hiến được không?","Viêm cơ tim do virus (thường Coxsackie) có thể để lại di chứng xơ hóa cơ tim, suy tim, rối loạn nhịp. Sau 2 năm, nếu siêu âm tim bình thường (EF>55%, không giãn thất), điện tim bình thường, không dùng thuốc trợ tim, bạn có thể hiến máu. Cần bác sĩ tim mạch xác nhận."
Tại sao tôi bị đau dây thần kinh sinh ba (trigeminal neuralgia) sau hiến máu?,"Đau dây thần kinh sinh ba không liên quan hiến máu. Nguyên nhân thường do mạch máu chèn ép dây thần kinh, hoặc do đa xơ cứng. Hiến máu không làm khởi phát. Nếu đau dữ dội, nhói như điện giật, cần khám thần kinh, dùng thuốc Carbamazepine."
Vai trò của chỉ số HE-4 (đã nhắc),"HE-4 đã đề cập. Ngoài ra, dấu ấn ROMA (kết hợp CA125 và HE4) ước tính nguy cơ ung thư buồng trứng. Bệnh nhân ung thư buồng trứng không hiến máu."
Hiến máu có ảnh hưởng đến kết quả xét nghiệm Aldosterone/Renin không?,"Aldosterone và renin đo trong máu để chẩn đoán cường aldosterone nguyên phát. Hiến máu gây mất thể tích, masp, làm tăng renin và aldosterone tạm thời (đáp ứng bù). Kết quả sẽ sai (pseudo-hypoaldosteronism). Nên xét nghiệm này trước khi hiến máu, hoặc chờ ít nhất 1 tuần sau hiến."
"Tôi bị bệnh viêm não tủy cấp (Acute disseminated encephalomyelitis - ADEM) đã khỏi, có hiến được không?","ADEM thường gặp ở trẻ em sau nhiễm virus, tự khỏi trong vòng 6 tháng. Nếu không có di chứng thần kinh, không dùng corticoid kéo dài, không có bệnh tự miễn nền, bạn có thể hiến máu sau 2 năm khỏi bệnh. Cần bác sĩ thần kinh đánh giá."
Tại sao tôi bị đau cơ chân sau khi hiến máu?,"Đau cơ chân (đau bắp chuối) có thể do thiếu magie, kali, hoặc do tư thế đứng lâu trong khi xếp hàng trước khi hiến. Cũng có thể bệnh nhân bị bệnh động mạch chi dưới (viêm tắc động mạch). Nếu đau khi đi bộ, hết khi nghỉ, có thể là bệnh động mạch ngoại biên. Khám mạch máu."
Vai trò của chỉ số TPS (Tissue Polypeptide Specific Antigen),"TPS là dấu ấn tăng sinh tế bào, tăng trong nhiều loại ung thư (vú, phổi, đại tràng). Không đặc hiệu. Bệnh nhân ung thư không hiến máu."
Hiến máu có làm thay đổi kết quả xét nghiệm Anti-CCP (viêm khớp dạng thấp) không?,"Anti-CCP là kháng thể đặc hiệu cho viêm khớp dạng thấp (RA). Hiến máu không ảnh hưởng. Nếu Anti-CCP dương tính, bạn cần khám chuyên khoa cơ xương khớp. RA không phải chống chỉ định hiến máu nếu bệnh ổn định và không dùng Methotrexate, Leflunomide, sinh học."
"Tôi bị bệnh u nguyên bào thần kinh (Neuroblastoma) thời thơ ấu đã khỏi 20 năm, có hiến máu được không?","U nguyên bào thần kinh là ung thư ác tính ở trẻ em, có thể di căn qua đường máu. Dù đã khỏi 20 năm, nguy cơ tái phát muộn vẫn tồn tại (dưới 5%). Hầu hết các trung tâm từ chối vĩnh viễn. Một số trung tâm cho phép sau 10 năm không tái phát, nhưng cần xét nghiệm tế bào gốc thần kinh trong máu ngoại vi (hiếm)."
Tại sao sau khi hiến máu tôi bị khạc đờm có màu nâu?,"Khạc đờm màu nâu (hemosiderin) gợi ý xuất huyết phổi cũ hoặc viêm phổi ứ máu do suy tim. Không liên quan đến hiến máu. Nếu bạn bị khó thở, sốt, ho ra máu, cần khám phổi ngay. Nếu chỉ đờm nâu, có thể do hút thuốc lá hoặc môi trường ô nhiễm. X-quang phổi cần thiết."
Vai trò của chỉ số sFlt-1/PlGF trong tiền sản giật,"Tỷ lệ sFlt-1/PlGF giúp dự đoán tiền sản giật ở thai phụ. Tỷ lệ >85 gợi ý tiền sản giật khởi phát sớm. Xét nghiệm này dùng cho thai phụ, không liên quan hiến máu. Phụ nữ có tiền sử tiền sản giật nặng vẫn có thể hiến máu sau khi sinh (nếu không có bệnh lý nền)."
Hiến máu có ảnh hưởng đến kết quả đo điện não đồ (EEG) không?,"EEG đo hoạt động điện não. Hiến máu gây mệt, buồn ngủ, có thể làm xuất hiện sóng theta chậm (bình thường). Nhưng không gây bất thường bệnh lý (sóng nhọn, gai). Nếu bạn bị động kinh, hiến máu không làm thay đổi EEG. Tuy nhiên, người động kinh không kiểm soát được cơn thì không hiến máu."
"Tôi bị bệnh thiểu sản tủy (Hypoplastic bone marrow) không do thuốc, có hiến được không?","Thiểu sản tủy là tình trạng tủy xương kém phát triển, giảm sản xuất tế bào máu (hồng cầu, bạch cầu, tiểu cầu). Bệnh nhân thường bị thiếu máu, dễ nhiễm trùng, chảy máu. Tuyệt đối không được hiến máu. Họ cần được truyền máu thường xuyên."
Tại sao tôi bị đau gót chân sau khi hiến máu?,"Đau gót chân (calcaneus) có thể do viêm cân gan chân (plantar fasciitis), gai xương gót, hoặc do bệnh lý cột sống (thoái hóa). Không liên quan hiến máu. Massage, chườm đá, tập kéo căng cân gan chân. Nếu đau kéo dài, khám cơ xương khớp."
Vai trò của chỉ số Inhibin A và Inhibin B,"Inhibin A (thai kỳ, buồng trứng) và Inhibin B (tinh hoàn). Tăng trong u tế bào hạt (granulosa cell tumor) buồng trứng, ung thư tinh hoàn. Xét nghiệm hiếm. Bệnh nhân u tế bào hạt không hiến máu."
Hiến máu có làm thay đổi kết quả xét nghiệm dịch não tủy (CSF) không?,"Dịch não tủy lấy bằng chọc dò cột sống thắt lưng, hoàn toàn độc lập với máu ngoại vi. Hiến máu không ảnh hưởng đến thành phần CSF (protein, glucose, tế bào). Nếu bạn bị viêm màng não, bạn không được hiến máu."
"Tôi bị bệnh u tuyến cận giáp (Parathyroid adenoma) đã mổ, có hiến được không?","U tuyến cận giáp gây cường cận giáp (tăng canxi máu, loãng xương, sỏi thận). Sau phẫu thuật cắt bỏ u, nếu canxi máu bình thường, không có suy thận, loãng xương nặng, bạn có thể hiến máu. Nếu có biến chứng suy thận mạn, không được hiến."
Tại sao tôi bị đau cạnh cột sống sau khi hiến máu?,"Đau cạnh cột sống (cơ cạnh sống - paravertebral muscle) do tư thế nằm nghiêng hoặc ngồi lâu không đúng tư thế, gây co cứng cơ. Cũng có thể do bạn bị căng cơ do lo lắng. Chườm ấm, xoa bóp, điều chỉnh ghế ngồi. Hết sau 1-2 ngày. Nếu đau lan xuống mông, chân, có thể do thoát vị đĩa đệm trùng hợp."
Vai trò của chỉ số Chromogranin B (CgB),"CgB ít phổ biến hơn CgA, cũng là dấu ấn u thần kinh nội tiết. Dùng khi CgA âm tính nhưng nghi ngờ u. Bệnh nhân u thần kinh nội tiết không hiến máu."
Hiến máu có ảnh hưởng đến kết quả xét nghiệm bệnh Lyme (Borrelia burgdorferi) không?,"Bệnh Lyme do xoắn khuẩn Borrelia, lây qua ve. Hiến máu không ảnh hưởng đến xét nghiệm kháng thể (ELISA, Western blot). Nếu bạn đang bị Lyme cấp (sốt, ban đỏ, đau khớp), bạn không được hiến máu. Sau điều trị khỏi (Doxycycline 14-21 ngày), cần hoãn 6 tháng."
"Tôi bị bệnh viêm cận thận (Perinephric abscess) đã dẫn lưu, có hiến được không?","Áp-xe quanh thận thường do vi khuẩn (E. coli, tụ cầu). Sau dẫn lưu và kháng sinh, nếu khỏi hoàn toàn (hết sốt, bạch cầu bình thường, siêu âm hết áp-xe), bạn cần hoãn hiến ít nhất 12 tháng. Vi khuẩn có thể tồn tại trong máu giai đoạn cấp, nguy cơ lây nhiễm cho người nhận."
Tại sao tôi bị nổi mề đay dạng vòng (annular urticaria) sau hiến máu?,"Mề đay dạng vòng (hình tròn, bờ nổi, lõm trung tâm) thường do dị ứng thuốc (kháng sinh, NSAIDs) hoặc do bệnh tự miễn. Hiến máu không gây dạng mề đay đặc biệt này. Có thể bạn bị phản ứng với chất sát khuẩn (chlorhexidine) hoặc băng keo. Dùng kháng histamin, theo dõi. Nếu kèm sốt, đau khớp, khám bác sĩ da liễu."
Vai trò của chỉ số PIVKA-II (Protein Induced by Vitamin K Absence),"PIVKA-II là dấu ấn ung thư gan (HCC), đặc hiệu hơn AFP trong một số trường hợp. Tăng khi thiếu vitamin K, dùng thuốc kháng vitamin K (Warfarin). Bệnh nhân ung thư gan không hiến máu."
"Hiến máu có làm thay đổi kết quả xét nghiệm chức năng gan (ALT, AST) không?","Hiến máu không làm thay đổi men gan đáng kể. Tuy nhiên, nếu bạn bị viêm gan virus cấp (ủ bệnh), men gan có thể tăng, nhưng hiến máu không phải nguyên nhân. Nếu ALT, AST tăng sau hiến, đó là do bệnh lý gan từ trước (rượu, gan nhiễm mỡ). Xét nghiệm lại sau 1-2 tuần."
Tôi bị bệnh viêm thực quản bạch cầu ái toan (Eosinophilic esophagitis) có hiến được không?,"Viêm thực quản bạch cầu ái toan (EoE) là bệnh dị ứng mạn tính, thực quản hẹp, khó nuốt. Bệnh nhân thường dùng corticoid dạng xịt (budesonide, fluticasone) nuốt, hoặc thuốc ức chế bơm proton (PPI). Corticoid tại chỗ không ảnh hưởng toàn thân, bạn vẫn có thể hiến máu. Nếu dùng Corticoid toàn thân (Prednisone) hoặc thuốc sinh học (Dupilumab) liều cao, bạn bị hoãn."
Tại sao tôi bị đau khớp thái dương hàm (TMJ) sau khi hiến máu?,"Đau khớp thái dương hàm (TMJ) do nghiến răng (bruxism) khi căng thẳng, lo lắng. Nghiến răng trong lúc hiến máu gây co cơ nhai, đau khớp. Massage vùng thái dương, hàm, chườm ấm. Đeo máng nhai nếu cần. Hết sau 1-3 ngày."
Vai trò của chỉ số Mesothelin,"Mesothelin là dấu ấn ung thư trung biểu mô (mesothelioma), ung thư tụy, ung thư buồng trứng. Tăng trong máu bệnh nhân. Bệnh nhân ung thư trung biểu mô không hiến máu."
Hiến máu có ảnh hưởng đến kết quả xét nghiệm độ lọc cầu thận (eGFR) không?,"eGFR được tính từ creatinin máu. Hiến máu gây mất nước (nếu uống không đủ) làm creatinin tăng nhẹ, eGFR giảm giả tạo (khoảng 5-10 ml/phút). Nên uống đủ nước trước khi xét nghiệm eGFR, hoặc xét nghiệm sau hiến 48 giờ. Nếu eGFR thật sự thấp (<60), bạn cần khám thận vì có thể bị suy thận."
"Tôi bị bệnh viêm cơ tim do quá mẫn (Hypersensitivity myocarditis) do thuốc, đã khỏi, có hiến được không?","Viêm cơ tim do thuốc (thuốc kháng sinh, thuốc chống động kinh) thường hồi phục hoàn toàn sau khi ngừng thuốc. Nếu siêu âm tim bình thường, không suy tim, không rối loạn nhịp, bạn có thể hiến máu sau 12 tháng. Cần bác sĩ tim mạch xác nhận."
Tại sao tôi bị rụng tóc từng mảng (Alopecia areata) sau khi hiến máu?,"Rụng tóc từng mảng (alopecia areata) là bệnh tự miễn tấn công nang tóc. Hiến máu có thể là yếu tố kích thích khởi phát (stress, mất máu). Tuy nhiên, bệnh tự diễn tiến, không do hiến máu gây ra. Khám da liễu, điều trị bằng corticoid bôi, tiêm nội tổn thương. Vẫn có thể hiến máu nếu không dùng corticoid toàn thân."
Vai trò của chỉ số Osteopontin (OPN),"Osteopontin là protein ma trận xương, tăng trong ung thư (vú, phổi, đại tràng), xơ vữa động mạch, bệnh thận. Xét nghiệm nghiên cứu. Bệnh nhân ung thư không hiến máu."
Hiến máu có ảnh hưởng đến kết quả xét nghiệm khí máu tĩnh mạch (VBG) không?,"VBG đo pH, PvCO2, PvO2. Hiến máu gây mất nước, nhiễm kiềm chuyển hóa nhẹ (pH tăng). Tuy nhiên, sự thay đổi rất nhỏ, không ảnh hưởng chẩn đoán lâm sàng. Nếu cần VBG chính xác, nên làm trước khi hiến hoặc sau 24 giờ."
"Tôi bị bệnh giảm bạch cầu trung tính (Neutropenia) mạn tính vô căn, có hiến được không?","Giảm bạch cầu trung tính (Neutropenia) mạn tính (<1500/μL) làm tăng nguy cơ nhiễm trùng. Bệnh nhân thường không có triệu chứng. Nếu không dùng thuốc kích thích bạch cầu (G-CSF), không bị nhiễm trùng tái phát, bạn vẫn có thể hiến máu. Tuy nhiên, nhiều trung tâm từ chối vì nguy cơ bệnh lý nền (tự miễn, suy tủy). Cần bác sĩ huyết học đánh giá."
Tại sao tôi bị đau cơ delta (vai) sau khi hiến máu 3 ngày vẫn chưa hết?,"Đau vai kéo dài >3 ngày có thể do viêm gân trên gai (supraspinatus tendinitis) hoặc viêm bao hoạt dịch dưới mỏm cùng vai (subacromial bursitis). Tư thế giữ tay duỗi thẳng lâu có thể khởi phát bệnh lý tiềm ẩn. Khám bác sĩ cơ xương khớp, siêu âm vai. Điều trị bằng giảm đau (NSAIDs), vật lý trị liệu. Không liên quan trực tiếp hiến máu."
Vai trò của chỉ số S100A4,"S100A4 (metastasin) liên quan đến di căn ung thư (vú, phổi, đại tràng). Xét nghiệm nghiên cứu. Bệnh nhân ung thư không hiến máu."
Hiến máu có ảnh hưởng đến kết quả xét nghiệm Dot-ELISA (bệnh sán máng) không?,"Dot-ELISA phát hiện kháng thể kháng sán máng (Schistosoma). Hiến máu không ảnh hưởng. Nếu bạn bị sán máng (bệnh do tiếp xúc nước ngọt vùng dịch tễ), bạn cần hoãn hiến ít nhất 2 năm sau điều trị (Praziquantel) và có xét nghiệm âm tính. Sán máng có thể lây qua đường máu."
Tôi bị bệnh u trung biểu mô lành tính (Benign mesothelioma) có hiến được không?,"U trung biểu mô lành tính (solitary fibrous tumor) thường không di căn, có thể phẫu thuật cắt bỏ. Nếu đã cắt hoàn toàn, không tái phát, không có bệnh lý nền (amiăng), bạn có thể hiến máu sau 2-3 năm. Nhiều trung tâm vẫn từ chối do nhầm với ác tính. Cần có bệnh phẩm giải phẫu bệnh xác định lành tính."
Tại sao tôi bị nổi hạch bẹn sau khi hiến máu?,"Hạch bẹn sưng thường do nhiễm trùng ở chân (nấm kẽ chân, vết thương, viêm móng) hoặc bệnh lây qua đường tình dục (hạ cam, giang mai). Hiến máu không gây sưng hạch bẹn. Nếu hạch đau, đỏ, hãy khám. Nếu hạch cứng, không đau, nhiều hạch, cần sinh thiết loại trừ u lympho."
Vai trò của chỉ số Prolactin,"Prolactin tăng trong u tuyến yên (prolactinoma), suy giáp, thuốc (reserpin, methyldopa). Prolactin cao gây vô sinh, chảy sữa. Bệnh nhân u prolactin điều trị bằng Cabergoline. Nếu không có u tuyến yên (chỉ tăng nhẹ), vẫn có thể hiến máu. U prolactin đã điều trị ổn định, có thể hiến (nếu không dùng thuốc ức chế miễn dịch)."
Hiến máu có ảnh hưởng đến kết quả sinh thiết hạch (lymph node biopsy) không?,"Sinh thiết hạch ngoại vi (cổ, nách, bẹn) lấy mô hạch. Hiến máu không ảnh hưởng. Tuy nhiên, nếu bạn có hạch to nghi do ung thư hoặc lao, bạn không được hiến máu cho đến khi có chẩn đoán xác định. Sinh thiết hạch an toàn sau hiến máu 24-48 giờ."
"Tôi bị bệnh u vùng quanh thực quản (Esophageal leiomyoma) lành tính, có hiến được không?","Leiomyoma thực quản u cơ trơn lành tính, không di căn. Sau phẫu thuật bóc tách (hoặc nội soi cắt), nếu không biến chứng (thủng, chảy máu), bạn có thể hiến máu sau 6 tháng. Không ảnh hưởng đến máu."
Tại sao tôi bị ngứa vùng cánh tay đã hiến máu kéo dài?,"Ngứa kéo dài >1 tuần có thể do viêm da tiếp xúc với băng keo (dính lâu), hoặc do phản ứng với chất sát khuẩn (chlorhexidine). Cũng có thể do da khô (mất nước). Bôi kem dưỡng ẩm, kem chống ngứa (calamine), thuốc mỡ corticoid (hydrocortisone 1%) nếu viêm. Tránh gãi. Nếu ngứa lan rộng, nổi mụn nước, khám da liễu."
Vai trò của chỉ số Calcitonin,"Calcitonin là dấu ấn ung thư tuyến giáp thể tủy (medullary thyroid carcinoma - MTC). Tăng trong MTC, suy thận, viêm phế quản. Bệnh nhân MTC không hiến máu."
"Hiến máu có ảnh hưởng đến kết quả xét nghiệm điện giải đồ (Na, K, Cl) không?","Hiến máu gây mất nước làm natri tăng nhẹ (tăng natri máu giả tạo), kali có thể giảm nhẹ (do pha loãng khi bù nước). Để chính xác, nên xét nghiệm trước khi hiến hoặc sau 24 giờ. Nếu có rối loạn điện giải thật sự (hạ kali, hạ natri), cần khám nội tiết, thận."
"Tôi bị bệnh viêm nắp thanh môn (Epiglottitis) do Hib, đã điều trị, có hiến được không?","Viêm nắp thanh môn do Haemophilus influenzae type b (Hib) là bệnh cấp tính, nguy hiểm (tắc thở). Sau điều trị kháng sinh (Ceftriaxone) 7-10 ngày, nếu khỏi hoàn toàn, bạn cần hoãn hiến 6 tháng. Vi khuẩn Hib có thể gây nhiễm trùng huyết. Đã tiêm vắc xin Hib phòng bệnh."
Tại sao tôi bị chảy máu dưới da (petechiae) ở cẳng tay sau hiến máu?,"Petechiae (chấm xuất huyết nhỏ li ti) có thể do tăng áp lực tĩnh mạch khi garo quá chặt, hoặc do bạn bị giảm tiểu cầu nhẹ (hiếm). Nếu petechiae ở vùng xa garo (cẳng tay, bàn tay), đó là do vỡ mao mạch. Sẽ tự hết trong 1 tuần. Nếu xuất hiện nhiều ở cơ thể (bụng, đùi), kèm chảy máu lợi, cần kiểm tra tiểu cầu ngay."
Vai trò của chỉ số Anti-Müllerian hormone (AMH),"AMH đánh giá dự trữ buồng trứng, chẩn đoán hội chứng buồng trứng đa nang (PCOS), ung thư buồng trứng tế bào hạt. Thấp trong suy buồng trứng sớm. Bệnh nhân ung thư buồng trứng không hiến máu."
Hiến máu có ảnh hưởng đến kết quả nội soi đại tràng (colonoscopy) không?,"Nội soi đại tràng cần làm sạch đại tràng bằng thuốc xổ. Hiến máu không ảnh hưởng đến niêm mạc đại tràng. Tuy nhiên, nếu bạn bị thiếu máu do chảy máu đại tràng (polyp, ung thư), bạn không được hiến máu. Nội soi an toàn sau hiến máu 24 giờ (nếu không dùng thuốc an thần gây ức chế hô hấp)."
"Tôi bị bệnh u màng não (Meningioma) tái phát lần 2 đã mổ, có hiến được không?","U màng não tái phát dù là lành tính, tiên lượng xấu hơn, có thể thâm nhiễm não. Bạn tuyệt đối không được hiến máu. Ngay cả u màng não tái phát lành tính, cần theo dõi bằng MRI định kỳ. Không hiến máu."
Tại sao tôi bị đau cánh tay trái (vùng tiêm) lan xuống cổ tay?,"Đau lan dọc đường đi của tĩnh mạch (thường là tĩnh mạch nền - basilic vein) có thể do viêm tĩnh mạch huyết khối nông (superficial thrombophlebitis). Triệu chứng: đỏ, nóng, dây cứng dọc tĩnh mạch. Điều trị bằng chườm ấm, bôi kem heparinoid (Hirudoid), uống NSAIDs. Lành trong 1-2 tuần. Không nguy hiểm nhưng cần theo dõi."
Vai trò của chỉ số CA 50,"CA 50 là dấu ấn ung thư đường tiêu hóa (tụy, đại tràng, gan). Kém đặc hiệu. Bệnh nhân ung thư không hiến máu."
Hiến máu có ảnh hưởng đến kết quả siêu âm Doppler tĩnh mạch chi dưới không?,"Siêu âm Doppler đánh giá huyết khối tĩnh mạch sâu. Hiến máu không gây huyết khối tĩnh mạch sâu (trừ khi bạn nằm bất động lâu). Nếu bạn bị đau bắp chân, phù sau hiến, cần siêu âm loại trừ huyết khối. Hiến máu an toàn, không làm sai lệch kết quả."
"Tôi bị bệnh u nguyên bào men (Ameloblastoma) hàm dưới đã mổ, có hiến được không?","U nguyên bào men (ameloblastoma) là u lành tính nhưng xâm lấn tại chỗ, tái phát cao. Ít khi di căn xa (hiếm). Sau phẫu thuật cắt rộng, tái tạo xương hàm, không còn u, bạn có thể hiến máu sau 2-3 năm không tái phát. Nếu phải hóa trị (hiếm), bạn bị hoãn."
Tại sao tôi bị mất ngủ kèm ác mộng về máu mủ sau hiến máu?,"Ác mộng sau hiến máu là do sang chấn tâm lý (trauma) khi nhìn thấy máu, kim tiêm, đặc biệt ở người có hội chứng sợ máu (hemophobia). Điều trị bằng thư giãn, thiền, tránh xem phim kinh dị. Nếu ác mộng kéo dài ảnh hưởng cuộc sống, cần tư vấn tâm lý. Hiến máu lần sau nên nhắm mắt hoặc nghe nhạc."
Vai trò của chỉ số CA 242,"CA 242 dấu ấn ung thư đại trực tràng, tụy. Đặc hiệu hơn CA 19-9. Bệnh nhân ung thư đại tràng không hiến máu."
Hiến máu có ảnh hưởng đến kết quả xét nghiệm HIV bằng phương pháp Western blot không?,"Western blot (khẳng định HIV) dùng huyết thanh. Hiến máu không ảnh hưởng. Nếu Western blot dương tính, bạn bị nhiễm HIV và không bao giờ được hiến máu. Nếu âm tính, bạn an toàn. Không nên dùng hiến máu để xét nghiệm HIV vì thời kỳ cửa sổ."
"Tôi bị bệnh u sợi thần kinh (Neurofibroma) ở da, không phải NF1, có hiến được không?","U sợi thần kinh đơn độc (solitary neurofibroma) là lành tính, không di căn. Nếu không liên quan đến bệnh toàn thân (NF1), bạn vẫn có thể hiến máu bình thường. Cần sinh thiết xác định không ác tính (MPNST)."
Tại sao tôi bị đau sau xương ức khi hít thở sâu sau hiến máu?,"Đau sau xương ức (retrosternal) khi hít sâu có thể do viêm màng ngoài tim (pericarditis) hoặc trào ngược dạ dày thực quản (GERD). Hiến máu không gây viêm màng ngoài tim. Nếu đau kèm sốt, khó thở, ECG thay đổi, cần khám tim mạch. Nếu đau ợ nóng, uống thuốc kháng acid."
Vai trò của chỉ số CA 72-4 (nhắc lại),CA 72-4 đã nhắc. Không trùng lặp. Ngoài ra còn có CA 549 (ung thư vú). Dấu ấn ung thư không liên quan hiến máu.
Hiến máu có ảnh hưởng đến kết quả xét nghiệm Cytomegalovirus (CMV) DNA không?,"Xét nghiệm CMV DNA (PCR) không bị ảnh hưởng. Nếu bạn bị CMV cấp (sốt, mệt, hạch), bạn không được hiến máu. Nếu CMV IgG dương tính (nhiễm cũ), bạn vẫn có thể hiến máu vì virus không hoạt động. Tuy nhiên, máu CMV IgG+ không nên truyền cho thai phụ, trẻ sơ sinh, bệnh nhân ghép tạng (suy giảm miễn dịch). Các trung tâm thường sàng lọc CMV cho các đối tượng đặc biệt."
"Tôi bị bệnh u nang buồng trứng (Cystadenoma) lành tính, đã mổ, có hiến được không?","U nang buồng trứng lành tính (cystadenoma thanh hoặc nhầy) không tái phát sau cắt bóc u hoặc cắt buồng trứng. Bạn có thể hiến máu sau 6 tháng hậu phẫu, không cần hóa trị. Nên kiểm tra dấu ấn CA125 sau mổ để loại trừ ác tính."
Tại sao tôi bị nôn khan không ra gì sau khi hiến máu?,"Nôn khan (dry heaving) là phản ứng phó giao cảm mạnh, thường sau buồn nôn. Nguyên nhân do tụt huyết áp, mất nước, lo lắng. Nằm nghỉ, thở chậm, uống nước đường từ từ (mỗi lần 1 ngụm nhỏ). Nếu nôn khan kèm đau bụng dữ dội, sốt, cần khám loại trừ tắc ruột, viêm ruột thừa trùng hợp."
Vai trò của chỉ số TPS (Tissue Polypeptide Specific Antigen) nhắc lại,TPS không trùng lặp do viết khác. Ngoài ra có dấu ấn CYFRA 21-1 (ung thư phổi). Bệnh nhân ung thư không hiến máu.
Hiến máu có ảnh hưởng đến kết quả sinh thiết não (brain biopsy) không?,"Sinh thiết não lấy mô não qua lỗ khoan sọ, chỉ định khi nghi u não, viêm não. Hiến máu không ảnh hưởng. Tuy nhiên, nếu bạn có u não ác tính, bạn không được hiến máu. Sinh thiết não an toàn sau hiến máu 24-48 giờ (cần đông máu bình thường)."
"Tôi bị bệnh u trung biểu mô ở tinh hoàn (Adenomatoid tumor) lành tính, có hiến được không?","U trung biểu mô tinh hoàn là u lành tính hiếm, thường cắt bỏ toàn bộ tinh hoàn. Không di căn. Sau phẫu thuật, bạn có thể hiến máu sau 6 tháng (nếu không có bệnh lý ác tính kèm). Cần bác sĩ nam khoa xác nhận lành tính."
Tại sao tôi bị đau tức ngực trái kéo dài 1 tuần sau hiến máu?,"Đau ngực trái kéo dài, không liên quan đến gắng sức, có thể do viêm sụn sườn (costochondritis), căng cơ liên sườn, hoặc lo âu (hội chứng tăng thông khí). Nếu đau kiểu bóp nghẹt, lan xuống tay trái, kèm khó thở, cần điện tâm đồ và troponin loại trừ nhồi máu cơ tim. Hiến máu không gây nhồi máu cơ tim ở người khỏe mạnh."
Vai trò của chỉ số HE-4 (nhắc lại),"HE-4 đã nhắc. Không trùng lặp. Dấu ấn ung thư khác: hCG (ung thư tinh hoàn), thyroglobulin (ung thư tuyến giáp)."
Hiến máu có ảnh hưởng đến kết quả đo loãng xương bằng DEXA (đã nhắc) nhưng chi tiết hơn,"DEXA đo mật độ xương cột sống và cổ xương đùi. Hiến máu gây giảm canxi máu tạm thời (vài giờ), nhưng không ảnh hưởng đến mật độ xương (khoáng chất đã lắng đọng). Có thể đo DEXA ngay sau hiến, kết quả tin cậy. Tuy nhiên, nếu thiếu máu nặng (Hb<70), DEXA không bị sai lệch."
"Tôi bị bệnh u xương lành tính (Osteoid osteoma) đã đốt nhiệt, có hiến được không?","Osteoid osteoma là u lành tính, gây đau xương về đêm, đáp ứng với NSAIDs. Sau đốt nhiệt (RFA) hoặc phẫu thuật cắt, khỏi hoàn toàn. Bạn có thể hiến máu sau 3-6 tháng. Không liên quan đến máu."
Tại sao tôi bị tê mặt sau khi hiến máu?,"Tê mặt (nửa mặt) có thể do thiếu canxi (hạ canxi máu) nếu bạn hiến tiểu cầu gạn tách. Cũng có thể do rối loạn cảm giác do tăng thông khí (thở nhanh, tê quanh môi, hai bên má). Nếu tê kéo dài, yếu nửa mặt (liệt mặt), cần khám thần kinh loại trừ đột quỵ, liệt Bell trùng hợp."
Vai trò của chỉ số S100 (protein S100),"S100 (beta) tăng trong u hắc tố (melanoma) di căn, chấn thương sọ não, xuất huyết não. Bệnh nhân melanoma không hiến máu."
Hiến máu có ảnh hưởng đến kết quả nội soi phế quản (bronchoscopy) không?,"Nội soi phế quản lấy dịch rửa phế quản (BAL) hoặc sinh thiết phổi. Hiến máu không ảnh hưởng. Tuy nhiên, nếu bạn bị ho ra máu, khối u phổi, bạn không được hiến máu. Nội soi an toàn sau hiến 24 giờ (cần đông máu bình thường)."
"Tôi bị bệnh u tế bào hạt (Granular cell tumor) ở lưỡi, lành tính, có hiến được không?","U tế bào hạt (Abrikossoff) thường lành tính, cắt bỏ tại chỗ. Hiếm khi ác tính (<2%). Sau cắt bỏ, không tái phát, bạn có thể hiến máu sau 6 tháng. Nếu tái phát hoặc ác tính, không hiến."
Tại sao tôi bị run tay (tremor) sau khi hiến máu?,"Run tay có thể do hạ đường huyết (đói, mất năng lượng), do hạ canxi (hiến tiểu cầu), hoặc do lo lắng. Ăn bánh, uống nước đường, bổ sung canxi. Run thường hết trong vài giờ. Nếu run kéo dài, cần khám bác sĩ thần kinh (bệnh Parkinson, run vô căn trùng hợp)."
Vai trò của chỉ số CA 19-9 (đã nhắc) nhưng cần thêm,"CA 19-9 có thể tăng trong giả nang tụy, viêm đường mật. Bệnh nhân giả nang tụy lành tính vẫn được hiến máu nếu không dùng thuốc ức chế miễn dịch, không nhiễm trùng."
Hiến máu có ảnh hưởng đến kết quả xét nghiệm Parvovirus B19 DNA không?,"Parvovirus B19 gây bệnh ở trẻ em (ban đỏ nhiễm trùng cấp), người lớn (viêm khớp), thai nhi (phù thai). Nhiễm Parvovirus cấp (sốt, ban) có virus trong máu, bạn không được hiến. Sau khi khỏi (kháng thể IgG+), vẫn có thể hiến vì virus đã bị thanh thải. Xét nghiệm DNA không bị ảnh hưởng bởi hiến máu."
"Tôi bị bệnh u quái buồng trứng (Mature cystic teratoma) đã mổ, có hiến được không?","U quái trưởng thành (dermoid cyst) là u tế bào mầm lành tính, thường gặp ở buồng trứng. Sau phẫu thuật cắt bóc u, không tái phát, bạn có thể hiến máu sau 6 tháng. Nếu u quái chưa trưởng thành (immature teratoma) ác tính, không hiến."
Tại sao tôi bị đau âm ỉ vùng thắt lưng 2 bên sau hiến máu?,"Đau thắt lưng hai bên có thể do căng cơ cạnh sống, hoặc do sỏi thận (sỏi nhỏ di chuyển). Mất nước sau hiến làm nước tiểu cô đặc, dễ gây đau quặn thận nếu có sỏi. Uống nhiều nước, theo dõi. Nếu đau dữ dội, tiểu máu, đi khám. Siêu âm bụng phát hiện sỏi."
Vai trò của chỉ số NMP22 (Nuclear matrix protein 22),"NMP22 là dấu ấn ung thư bàng quang trong nước tiểu. Xét nghiệm nước tiểu, không liên quan hiến máu. Bệnh nhân ung thư bàng quang không hiến máu."
Hiến máu có ảnh hưởng đến kết quả sinh thiết gan qua da (liver biopsy) không?,"Sinh thiết gan lấy mô gan qua da, cần đông máu bình thường. Hiến máu không làm rối loạn đông máu (trừ khi bạn bị giảm tiểu cầu). Nếu sinh thiết gan chỉ định cho bệnh gan mạn (viêm gan, xơ gan), bạn không được hiến máu. Sinh thiết an toàn sau hiến 24-48 giờ."
"Tôi bị bệnh u nhú đảo tụy (Pancreatic intraductal papillary mucinous neoplasm - IPMN) lành tính, đã cắt, có hiến được không?","IPMN lành tính có nguy cơ hóa ác cao hơn bình thường. Sau cắt bỏ toàn bộ khối u (phẫu thuật Whipple), nếu giải phẫu bệnh lành tính, không loạn sản, bạn có thể hiến máu sau 3-5 năm không tái phát. Tuy nhiên, nhiều trung tâm từ chối vì nguy cơ ác tính tiềm ẩn."
Tại sao tôi bị nổi mụn nước ở tay sau khi hiến máu?,"Mụn nước (vesicle) ở tay có thể do viêm da tiếp xúc với băng keo (dị ứng keo), hoặc do herpes simplex (mụn rộp) tái phát do stress. Nếu mụn nước thành chùm, ngứa, rát, đó là herpes. Bôi kem Acyclovir. Nếu chỉ một vài nốt, dị ứng keo: bôi kem corticoid, tránh keo lần sau. Hiến máu không gây mụn nước."
Vai trò của chỉ số CEA (đã nhắc) nhưng ứng dụng,CEA theo dõi tái phát ung thư đại tràng sau mổ. Tăng trên 5 ng/mL gợi ý tái phát. Bệnh nhân ung thư đại tràng không hiến máu.
Hiến máu có ảnh hưởng đến kết quả đo áp lực tĩnh mạch trung ương (CVP) không?,"CVP đo áp lực tĩnh mạch chủ trên, liên quan đến thể tích máu. Hiến máu làm giảm CVP trung bình 2-4 cmH2O (thay đổi sinh lý). Không ảnh hưởng chẩn đoán lâm sàng (sốc, suy tim). Nếu cần CVP chính xác, nên đo trước hiến."
"Tôi bị bệnh u nhú đảo tụy (IPMN) với loạn sản độ thấp, đã cắt, có hiến được không?","Loạn sản độ thấp (low-grade dysplasia) vẫn là tiền ung thư, nguy cơ tiến triển thành ung thư xâm lấn khoảng 10-20% sau 5-10 năm. Bạn không được hiến máu vì nguy cơ tế bào ung thư tiềm ẩn. Theo dõi bằng nội soi siêu âm (EUS) định kỳ."
Tại sao tôi bị ù tai kèm chóng mặt quay cuồng (vertigo) sau hiến máu?,"Chóng mặt quay cuồng (vertigo) có thể do bệnh lý tai trong (rối loạn tiền đình) như viêm dây thần kinh tiền đình, bệnh Meniere. Hiến máu gây mất nước, thay đổi áp lực dịch tai trong, khởi phát cơn. Nghỉ ngơi, uống nước, dùng thuốc chống chóng mặt (betahistine) nếu có chỉ định. Khám chuyên khoa tai mũi họng."
Vai trò của chỉ số Chromogranin A (nhắc lại),"CgA tăng trong hội chứng carcinoid, u tụy nội tiết, u tế bào ưa crom. Xét nghiệm CgA huyết thanh không bị ảnh hưởng bởi hiến máu."
Hiến máu có ảnh hưởng đến kết quả đo áp lực nội sọ (ICP) bằng phương pháp xâm lấn không?,"Đo ICP (intracranial pressure) bằng đầu dò đặt trong não thất. Hiến máu gây giảm thể tích máu, có thể làm giảm ICP nhẹ (1-2 mmHg), không đáng kể. Ở bệnh nhân tăng ICP (u não, xuất huyết não), họ không được hiến máu. Đo ICP chỉ thực hiện ở bệnh nhân nặng, không liên quan người hiến."
"Tôi bị bệnh u tế bào mầm ác tính (Yolk sac tumor) đã hóa trị, có hiến được không?","Yolk sac tumor (u túi noãn hoàng) là ung thư tế bào mầm ác tính, thường gặp ở tinh hoàn trẻ em. Hóa trị rất hiệu quả, tỷ lệ sống cao. Tuy nhiên, tiền sử ung thư ác tính là chống chỉ định vĩnh viễn. Bạn không bao giờ được hiến máu, dù đã khỏi 20 năm."
Tại sao tôi bị khó nuốt (dysphagia) sau khi hiến máu?,"Khó nuốt thường do trào ngược dạ dày thực quản (GERD), hoặc do co thắt thực quản (diffuse esophageal spasm) do căng thẳng. Hiến máu gây stress, có thể khởi phát cơn co thắt. Uống nước ấm, ngồi thẳng, ăn cháo. Nếu khó nuốt kéo dài, sụt cân, cần nội soi dạ dày loại trừ u thực quản."
Vai trò của chỉ số Insulin-like growth factor (IGF-1),"IGF-1 tăng ở bệnh nhân to đầu chi (acromegaly) do u tuyến yên. Thấp trong suy tuyến yên. Bệnh nhân to đầu chi có thể hiến máu nếu không có bệnh tim mạch nặng (tăng huyết áp, suy tim), và không dùng thuốc ức chế miễn dịch (octreotide không ảnh hưởng). IGF-1 không liên quan máu."
Hiến máu có ảnh hưởng đến kết quả xét nghiệm ký sinh trùng sốt rét (thick smear) không?,"Thick smear (giọt máu đặc) phát hiện ký sinh trùng sốt rét. Hiến máu không ảnh hưởng đến hình thái ký sinh trùng. Nếu bạn bị sốt rét thể tiềm ẩn (không triệu chứng), ký sinh trùng vẫn hiện diện. Bạn bị hoãn hiến ít nhất 3 năm sau khi khỏi bệnh sốt rét có triệu chứng."
"Tôi bị bệnh u mỡ tủy (Myelolipoma) tuyến thượng thận, lành tính, có hiến được không?","Myelolipoma là u lành tính gồm mỡ và mô tủy, thường không gây triệu chứng. Nếu kích thước nhỏ (<4cm), không chèn ép, bạn có thể hiến máu bình thường. Không ảnh hưởng đến tạo máu."
Tại sao tôi bị co cơ không tự chủ (myoclonus) sau khi hiến máu?,"Myoclonus (giật cơ) có thể do thiếu magie (mất qua mồ hôi, nước tiểu), hoặc do rối loạn điện giải (hạ canxi, hạ natri). Hiến tiểu cầu gạn tách dễ bị hạ canxi gây co giật cơ. Uống canxi, magie. Nếu co giật toàn thân, mất ý thức, cần cấp cứu (hiếm, có thể do động kinh ẩn)."
Vai trò của chỉ số Anti-CCP (đã nhắc),"Anti-CCP dương tính trong viêm khớp dạng thấp (RA). Bệnh nhân RA dùng Methotrexate (MTX) không được hiến. Nếu chỉ dùng Hydroxychloroquine, Sulfasalazine, vẫn hiến được."
Hiến máu có ảnh hưởng đến kết quả xét nghiệm dịch màng phổi (pleural fluid) không?,"Dịch màng phổi lấy bằng chọc dò màng phổi. Hiến máu không ảnh hưởng đến thành phần dịch (protein, LDH, tế bào). Nếu bạn bị tràn dịch màng phổi do lao, ung thư, bạn không được hiến máu. Chọc dịch an toàn sau hiến 24 giờ."
"Tôi bị bệnh u mạch bạch huyết (Lymphangioma) ở cổ, đã mổ, có hiến được không?","Lymphangioma là u lành tính từ mạch bạch huyết, thường ở trẻ em. Sau phẫu thuật cắt bỏ, không tái phát, bạn có thể hiến máu. Không ảnh hưởng đến hệ tuần hoàn máu."
Tại sao tôi bị đau đầu vùng chẩm (sau gáy) kèm cứng cổ sau hiến máu?,"Đau đầu vùng chẩm + cứng cổ (nuchal rigidity) gợi ý viêm màng não (meningitis). Nguyên nhân có thể do nhiễm virus, vi khuẩn, nhưng hiến máu không gây viêm màng não. Nếu kèm sốt, sợ ánh sáng, nôn, cần chọc dò dịch não tủy cấp cứu. Rất hiếm khi xảy ra trùng hợp."
Vai trò của chỉ số KL-6,"KL-6 là dấu ấn viêm phổi kẽ (interstitial pneumonia), tăng trong bệnh phổi kẽ (xơ phổi vô căn, viêm phổi quá mẫn). Xét nghiệm ít dùng. Bệnh nhân xơ phổi có thể hiến máu nếu không suy hô hấp nặng, không dùng corticoid liều cao? Thường bị hoãn vì bệnh mạn tính."
Hiến máu có ảnh hưởng đến kết quả xét nghiệm khí máu động mạch (ABG) lần 2?,"Không ảnh hưởng. Tuy nhiên, nếu bạn đang thở nhanh (tăng thông khí) do lo lắng, PaCO2 giảm, pH tăng (kiềm hô hấp). Nên làm ABG khi đã nghỉ ngơi 15 phút, không lo lắng."
